manufactureName|name|url|imagesrcURL
Apple|iPhone SE (2020)|https://www.gsmarena.com/apple_iphone_se_(2020)-10170.php|https://fdn2.gsmarena.com/vv/bigpic/apple-iphone-se-2020.jpg
Apple|iPad Pro 12.9 (2020)|https://www.gsmarena.com/apple_ipad_pro_12_9_(2020)-10136.php|https://fdn2.gsmarena.com/vv/bigpic/apple-ipad-pro-12-2020.jpg
Apple|iPad Pro 11 (2020)|https://www.gsmarena.com/apple_ipad_pro_11_(2020)-10137.php|https://fdn2.gsmarena.com/vv/bigpic/apple-ipad-pro-11-2020.jpg
Apple|iPhone 11 Pro Max|https://www.gsmarena.com/apple_iphone_11_pro_max-9846.php|https://fdn2.gsmarena.com/vv/bigpic/apple-iphone-11-pro.jpg
Apple|iPhone 11 Pro|https://www.gsmarena.com/apple_iphone_11_pro-9847.php|https://fdn2.gsmarena.com/vv/bigpic/apple-iphone-11-pro-max-.jpg
Apple|iPhone 11|https://www.gsmarena.com/apple_iphone_11-9848.php|https://fdn2.gsmarena.com/vv/bigpic/apple-iphone-11.jpg
Apple|iPad 10.2|https://www.gsmarena.com/apple_ipad_10_2-9857.php|https://fdn2.gsmarena.com/vv/bigpic/apple-ipad7-102-inches.jpg
Apple|Watch Edition Series 5|https://www.gsmarena.com/apple_watch_edition_series_5-9860.php|https://fdn2.gsmarena.com/vv/bigpic/apple-watch-edition-series-5.jpg
Apple|Watch Series 5|https://www.gsmarena.com/apple_watch_series_5-9859.php|https://fdn2.gsmarena.com/vv/bigpic/apple-watch-series-5.jpg
Apple|Watch Series 5 Aluminum|https://www.gsmarena.com/apple_watch_series_5_aluminum-9858.php|https://fdn2.gsmarena.com/vv/bigpic/apple-watch-aluminum-series-5.jpg
Apple|iPad Air (2019)|https://www.gsmarena.com/apple_ipad_air_(2019)-9638.php|https://fdn2.gsmarena.com/vv/bigpic/apple-ipad-air3-2019.jpg
Apple|iPad mini (2019)|https://www.gsmarena.com/apple_ipad_mini_(2019)-9637.php|https://fdn2.gsmarena.com/vv/bigpic/apple-ipad-mini-2019.jpg
Apple|iPad Pro 12.9 (2018)|https://www.gsmarena.com/apple_ipad_pro_12_9_(2018)-9387.php|https://fdn2.gsmarena.com/vv/bigpic/apple-ipad-pro-129-2018.jpg
Apple|iPad Pro 11 (2018)|https://www.gsmarena.com/apple_ipad_pro_11_(2018)-9386.php|https://fdn2.gsmarena.com/vv/bigpic/apple-ipad-pro-11-2018.jpg
Apple|iPhone XS Max|https://www.gsmarena.com/apple_iphone_xs_max-9319.php|https://fdn2.gsmarena.com/vv/bigpic/apple-iphone-xs-max-new1.jpg
Apple|iPhone XS|https://www.gsmarena.com/apple_iphone_xs-9318.php|https://fdn2.gsmarena.com/vv/bigpic/apple-iphone-xs-new.jpg
Apple|iPhone XR|https://www.gsmarena.com/apple_iphone_xr-9320.php|https://fdn2.gsmarena.com/vv/bigpic/apple-iphone-xr-new.jpg
Apple|Watch Series 4|https://www.gsmarena.com/apple_watch_series_4-9321.php|https://fdn2.gsmarena.com/vv/bigpic/apple-watch-series-4-steel.jpg
Apple|Watch Series 4 Aluminum|https://www.gsmarena.com/apple_watch_series_4_aluminum-9322.php|https://fdn2.gsmarena.com/vv/bigpic/apple-watch-series-4-aluminum.jpg
Apple|iPad 9.7 (2018)|https://www.gsmarena.com/apple_ipad_9_7_(2018)-9142.php|https://fdn2.gsmarena.com/vv/bigpic/apple-ipad-97-2018.jpg
Apple|iPhone X|https://www.gsmarena.com/apple_iphone_x-8858.php|https://fdn2.gsmarena.com/vv/bigpic/apple-iphone-x.jpg
Apple|iPhone 8 Plus|https://www.gsmarena.com/apple_iphone_8_plus-8131.php|https://fdn2.gsmarena.com/vv/bigpic/apple-iphone-8-plus-new.jpg
Apple|iPhone 8|https://www.gsmarena.com/apple_iphone_8-8573.php|https://fdn2.gsmarena.com/vv/bigpic/apple-iphone-8-new.jpg
Apple|Watch Edition Series 3|https://www.gsmarena.com/apple_watch_edition_series_3-8861.php|https://fdn2.gsmarena.com/vv/bigpic/apple-watch-edition-series3.jpg
Apple|Watch Series 3|https://www.gsmarena.com/apple_watch_series_3-8860.php|https://fdn2.gsmarena.com/vv/bigpic/apple-watch-series3-.jpg
Apple|Watch Series 3 Aluminum|https://www.gsmarena.com/apple_watch_series_3_aluminum-8859.php|https://fdn2.gsmarena.com/vv/bigpic/apple-watch-series3-sport-.jpg
Apple|iPad Pro 12.9 (2017)|https://www.gsmarena.com/apple_ipad_pro_12_9_(2017)-8717.php|https://fdn2.gsmarena.com/vv/bigpic/apple-ipad-pro-129-2017.jpg
Apple|iPad Pro 10.5 (2017)|https://www.gsmarena.com/apple_ipad_pro_10_5_(2017)-8716.php|https://fdn2.gsmarena.com/vv/bigpic/apple-ipad-pro-105-2017.jpg
Apple|iPad 9.7 (2017)|https://www.gsmarena.com/apple_ipad_9_7_(2017)-8620.php|https://fdn2.gsmarena.com/vv/bigpic/apple-ipad-97-2017.jpg
Apple|Watch Edition Series 2 42mm|https://www.gsmarena.com/apple_watch_edition_series_2_42mm-8331.php|https://fdn2.gsmarena.com/vv/bigpic/apple-watch2-edition-42mm.jpg
Apple|Watch Series 2 42mm|https://www.gsmarena.com/apple_watch_series_2_42mm-8329.php|https://fdn2.gsmarena.com/vv/bigpic/apple-watch2-s2-42mm.jpg
Apple|Watch Edition Series 2 38mm|https://www.gsmarena.com/apple_watch_edition_series_2_38mm-8332.php|https://fdn2.gsmarena.com/vv/bigpic/apple-watch2-s2-edition-38mm.jpg
Apple|Watch Series 2 38mm|https://www.gsmarena.com/apple_watch_series_2_38mm-8330.php|https://fdn2.gsmarena.com/vv/bigpic/apple-watch2-s2-38mm.jpg
Apple|Watch Series 2 Aluminum 42mm|https://www.gsmarena.com/apple_watch_series_2_aluminum_42mm-8328.php|https://fdn2.gsmarena.com/vv/bigpic/apple-watch2-s2-sport-42mm.jpg
Apple|Watch Series 1 Aluminum 42mm|https://www.gsmarena.com/apple_watch_series_1_aluminum_42mm-8334.php|https://fdn2.gsmarena.com/vv/bigpic/apple-watch1-sport-42mm.jpg
Apple|Watch Series 2 Aluminum 38mm|https://www.gsmarena.com/apple_watch_series_2_aluminum_38mm-8327.php|https://fdn2.gsmarena.com/vv/bigpic/apple-watch2-s2-sport-38mm.jpg
Apple|Watch Series 1 Aluminum 38mm|https://www.gsmarena.com/apple_watch_series_1_aluminum_38mm-8333.php|https://fdn2.gsmarena.com/vv/bigpic/apple-watch2-s2-sport-38mm.jpg
Apple|iPhone 7 Plus|https://www.gsmarena.com/apple_iphone_7_plus-8065.php|https://fdn2.gsmarena.com/vv/bigpic/apple-iphone-7-plus-r2.jpg
Apple|iPhone 7|https://www.gsmarena.com/apple_iphone_7-8064.php|https://fdn2.gsmarena.com/vv/bigpic/apple-iphone-7r4.jpg
Apple|iPad Pro 9.7 (2016)|https://www.gsmarena.com/apple_ipad_pro_9_7_(2016)-7984.php|https://fdn2.gsmarena.com/vv/bigpic/apple-ipad-pro-97.jpg
Apple|iPhone SE|https://www.gsmarena.com/apple_iphone_se-7969.php|https://fdn2.gsmarena.com/vv/bigpic/apple-iphone-5se-ofic.jpg
Apple|iPhone 6s Plus|https://www.gsmarena.com/apple_iphone_6s_plus-7243.php|https://fdn2.gsmarena.com/vv/bigpic/apple-iphone-6s-plus.jpg
Apple|iPhone 6s|https://www.gsmarena.com/apple_iphone_6s-7242.php|https://fdn2.gsmarena.com/vv/bigpic/apple-iphone-6s1.jpg
Apple|iPad Pro 12.9 (2015)|https://www.gsmarena.com/apple_ipad_pro_12_9_(2015)-7562.php|https://fdn2.gsmarena.com/vv/bigpic/apple-ipad-pro-.jpg
Apple|iPad mini 4 (2015)|https://www.gsmarena.com/apple_ipad_mini_4_(2015)-7561.php|https://fdn2.gsmarena.com/vv/bigpic/ipad-mini-41.jpg
Apple|Watch Edition 42mm (1st gen)|https://www.gsmarena.com/apple_watch_edition_42mm_(1st_gen)-7698.php|https://fdn2.gsmarena.com/vv/bigpic/apple-watch-edition-42mm.jpg
Apple|Watch Edition 38mm (1st gen)|https://www.gsmarena.com/apple_watch_edition_38mm_(1st_gen)-7697.php|https://fdn2.gsmarena.com/vv/bigpic/apple-watch-edition-38mm.jpg
Apple|Watch 42mm (1st gen)|https://www.gsmarena.com/apple_watch_42mm_(1st_gen)-7696.php|https://fdn2.gsmarena.com/vv/bigpic/apple-watch-42mm.jpg
Apple|Watch 38mm (1st gen)|https://www.gsmarena.com/apple_watch_38mm_(1st_gen)-7695.php|https://fdn2.gsmarena.com/vv/bigpic/apple-watch-38mm.jpg
Apple|Watch Sport 42mm (1st gen)|https://www.gsmarena.com/apple_watch_sport_42mm_(1st_gen)-7694.php|https://fdn2.gsmarena.com/vv/bigpic/apple-watch-sport-42mm2.jpg
Apple|Watch Sport 38mm (1st gen)|https://www.gsmarena.com/apple_watch_sport_38mm_(1st_gen)-7693.php|https://fdn2.gsmarena.com/vv/bigpic/apple-watch-sport-38mm.jpg
Apple|iPad Air 2|https://www.gsmarena.com/apple_ipad_air_2-6742.php|https://fdn2.gsmarena.com/vv/bigpic/apple-ipad-air-2-new.jpg
Apple|iPad mini 3|https://www.gsmarena.com/apple_ipad_mini_3-6741.php|https://fdn2.gsmarena.com/vv/bigpic/apple-ipad-mini-3-new.jpg
Apple|iPhone 6 Plus|https://www.gsmarena.com/apple_iphone_6_plus-6665.php|https://fdn2.gsmarena.com/vv/bigpic/apple-iphone-6-plus2.jpg
Apple|iPhone 6|https://www.gsmarena.com/apple_iphone_6-6378.php|https://fdn2.gsmarena.com/vv/bigpic/apple-iphone-6-4.jpg
Apple|iPad Air|https://www.gsmarena.com/apple_ipad_air-5797.php|https://fdn2.gsmarena.com/vv/bigpic/apple-ipad-air.jpg
Apple|iPad mini 2|https://www.gsmarena.com/apple_ipad_mini_2-5735.php|https://fdn2.gsmarena.com/vv/bigpic/apple-ipad-mini2.jpg
Apple|iPhone 5s|https://www.gsmarena.com/apple_iphone_5s-5685.php|https://fdn2.gsmarena.com/vv/bigpic/apple-iphone-5s-ofic.jpg
Apple|iPhone 5c|https://www.gsmarena.com/apple_iphone_5c-5690.php|https://fdn2.gsmarena.com/vv/bigpic/apple-iphone-5c-new2.jpg
Apple|iPad mini Wi-Fi|https://www.gsmarena.com/apple_ipad_mini_wi_fi-5070.php|https://fdn2.gsmarena.com/vv/bigpic/apple-ipad-mini-final.jpg
Apple|iPad mini Wi-Fi + Cellular|https://www.gsmarena.com/apple_ipad_mini_wi_fi_+_cellular-5061.php|https://fdn2.gsmarena.com/vv/bigpic/apple-ipad-mini-final.jpg
Apple|iPad 4 Wi-Fi|https://www.gsmarena.com/apple_ipad_4_wi_fi-5072.php|https://fdn2.gsmarena.com/vv/bigpic/apple-ipad-3-new.jpg
Apple|iPad 4 Wi-Fi + Cellular|https://www.gsmarena.com/apple_ipad_4_wi_fi_+_cellular-5071.php|https://fdn2.gsmarena.com/vv/bigpic/apple-ipad-3-new.jpg
Apple|iPhone 5|https://www.gsmarena.com/apple_iphone_5-4910.php|https://fdn2.gsmarena.com/vv/bigpic/apple-iphone-5-ofic.jpg
Apple|iPad 3 Wi-Fi + Cellular|https://www.gsmarena.com/apple_ipad_3_wi_fi_+_cellular-4620.php|https://fdn2.gsmarena.com/vv/bigpic/apple-ipad-3-new.jpg
Apple|iPad 3 Wi-Fi|https://www.gsmarena.com/apple_ipad_3_wi_fi-4621.php|https://fdn2.gsmarena.com/vv/bigpic/apple-ipad-3-new.jpg
Apple|iPhone 4s|https://www.gsmarena.com/apple_iphone_4s-4212.php|https://fdn2.gsmarena.com/vv/bigpic/apple-iphone-4s-new.jpg
Apple|iPad 2 Wi-Fi + 3G|https://www.gsmarena.com/apple_ipad_2_wi_fi_+_3g-3848.php|https://fdn2.gsmarena.com/vv/bigpic/apple-ipad2-new.jpg
Apple|iPad 2 Wi-Fi|https://www.gsmarena.com/apple_ipad_2_wi_fi-3847.php|https://fdn2.gsmarena.com/vv/bigpic/apple-ipad2-new.jpg
Apple|iPad 2 CDMA|https://www.gsmarena.com/apple_ipad_2_cdma-3849.php|https://fdn2.gsmarena.com/vv/bigpic/apple-ipad2-new.jpg
Apple|iPhone 4|https://www.gsmarena.com/apple_iphone_4-3275.php|https://fdn2.gsmarena.com/vv/bigpic/apple-iphone-4-ofic-final.jpg
Apple|iPhone 4 CDMA|https://www.gsmarena.com/apple_iphone_4_cdma-3716.php|https://fdn2.gsmarena.com/vv/bigpic/apple-iphone4-cdma.jpg
Apple|iPad Wi-Fi + 3G|https://www.gsmarena.com/apple_ipad_wi_fi_+_3g-3827.php|https://fdn2.gsmarena.com/vv/bigpic/apple-ipad-original.jpg
Apple|iPad Wi-Fi|https://www.gsmarena.com/apple_ipad_wi_fi-3828.php|https://fdn2.gsmarena.com/vv/bigpic/apple-ipad-original.jpg
Apple|iPhone 3GS|https://www.gsmarena.com/apple_iphone_3gs-2826.php|https://fdn2.gsmarena.com/vv/bigpic/apple-iphone-3gs-ofic.jpg
Apple|iPhone 3G|https://www.gsmarena.com/apple_iphone_3g-2424.php|https://fdn2.gsmarena.com/vv/bigpic/apple-iphone3g.jpg
Apple|iPhone|https://www.gsmarena.com/apple_iphone-1827.php|https://fdn2.gsmarena.com/vv/bigpic/apple-iphone.gif
Asus|ROG Phone II ZS660KL|https://www.gsmarena.com/asus_rog_phone_ii_zs660kl-9770.php|https://fdn2.gsmarena.com/vv/bigpic/asus-rog-phone2.jpg
Asus|Zenfone 6 ZS630KL|https://www.gsmarena.com/asus_zenfone_6_zs630kl-9698.php|https://fdn2.gsmarena.com/vv/bigpic/asus-zenfone-6-zs630kl.jpg
Asus|ZenFone Live (L2)|https://www.gsmarena.com/asus_zenfone_live_(l2)-9667.php|https://fdn2.gsmarena.com/vv/bigpic/asus-zenfone-live-l2.jpg
Asus|Zenfone Max Plus (M2) ZB634KL|https://www.gsmarena.com/asus_zenfone_max_plus_(m2)_zb634kl-9634.php|https://fdn2.gsmarena.com/vv/bigpic/asus-zenfone-max-plus-m2.jpg
Asus|Zenfone Max Shot ZB634KL|https://www.gsmarena.com/asus_zenfone_max_shot_zb634kl-9633.php|https://fdn2.gsmarena.com/vv/bigpic/asus-zenfone-max-shot.jpg
Google|Pixel 4 XL|https://www.gsmarena.com/google_pixel_4_xl-9895.php|https://fdn2.gsmarena.com/vv/bigpic/google-pixel-4-r1.jpg
Google|Pixel 4|https://www.gsmarena.com/google_pixel_4-9896.php|https://fdn2.gsmarena.com/vv/bigpic/google-pixel-4-r1.jpg
Google|Pixel 3a XL|https://www.gsmarena.com/google_pixel_3a_xl-9690.php|https://fdn2.gsmarena.com/vv/bigpic/google-pixel-3a-xl-.jpg
Google|Pixel 3a|https://www.gsmarena.com/google_pixel_3a-9408.php|https://fdn2.gsmarena.com/vv/bigpic/google-pixel-3a.jpg
Google|Pixel 3 XL|https://www.gsmarena.com/google_pixel_3_xl-9257.php|https://fdn2.gsmarena.com/vv/bigpic/google-pixel-3xl-.jpg
Google|Pixel 3|https://www.gsmarena.com/google_pixel_3-9256.php|https://fdn2.gsmarena.com/vv/bigpic/google-pixel-3-.jpg
Google|Pixel XL|https://www.gsmarena.com/google_pixel_xl-8345.php|https://fdn2.gsmarena.com/vv/bigpic/google-pixel-xl.jpg
Google|Pixel 2 XL|https://www.gsmarena.com/google_pixel_2_xl-8720.php|https://fdn2.gsmarena.com/vv/bigpic/google-pixel-xl2-.jpg
Google|Pixel 2|https://www.gsmarena.com/google_pixel_2-8733.php|https://fdn2.gsmarena.com/vv/bigpic/google-pixel-2.jpg
Google|Pixel|https://www.gsmarena.com/google_pixel-8346.php|https://fdn2.gsmarena.com/vv/bigpic/google-pixel.jpg
Google|Pixel C|https://www.gsmarena.com/google_pixel_c-7826.php|https://fdn2.gsmarena.com/vv/bigpic/google-pixel-c--.jpg
Honor|8S 2020|https://www.gsmarena.com/honor_8s_2020-10218.php|https://fdn2.gsmarena.com/vv/bigpic/honor-8s-2020.jpg
Honor|Play4|https://www.gsmarena.com/honor_play4-10283.php|https://fdn2.gsmarena.com/vv/bigpic/honor-play4.jpg
Honor|Play4 Pro|https://www.gsmarena.com/honor_play4_pro-10258.php|https://fdn2.gsmarena.com/vv/bigpic/honor-play-4-pro.jpg
Honor|X10 5G|https://www.gsmarena.com/honor_x10_5g-10228.php|https://fdn2.gsmarena.com/vv/bigpic/honor-x10-5g.jpg
Honor|V6|https://www.gsmarena.com/honor_v6-10253.php|https://fdn2.gsmarena.com/vv/bigpic/honor-v6.jpg
Honor|9A|https://www.gsmarena.com/honor_9a-10215.php|https://fdn2.gsmarena.com/vv/bigpic/honor-9a.jpg
Honor|9C|https://www.gsmarena.com/honor_9c-10214.php|https://fdn2.gsmarena.com/vv/bigpic/honor-9c.jpg
Honor|9S|https://www.gsmarena.com/honor_9s-10213.php|https://fdn2.gsmarena.com/vv/bigpic/honor-9s.jpg
Honor|9X Lite|https://www.gsmarena.com/honor_9x_lite-10085.php|https://fdn2.gsmarena.com/vv/bigpic/huawei-honor-9x-lite.jpg
Honor|30 Pro+|https://www.gsmarena.com/honor_30_pro+-10187.php|https://fdn2.gsmarena.com/vv/bigpic/honor-30-pro-plus.jpg
Honor|30 Pro|https://www.gsmarena.com/honor_30_pro-10181.php|https://fdn2.gsmarena.com/vv/bigpic/honor-30-pro.jpg
Honor|30|https://www.gsmarena.com/honor_30-10188.php|https://fdn2.gsmarena.com/vv/bigpic/honor-30.jpg
Honor|20e|https://www.gsmarena.com/honor_20e-10191.php|https://fdn2.gsmarena.com/vv/bigpic/honor-20e.jpg
Honor|Play 4T Pro|https://www.gsmarena.com/honor_play_4t_pro-10168.php|https://fdn2.gsmarena.com/vv/bigpic/honor-play-4t-pro.jpg
Honor|Play 4T|https://www.gsmarena.com/honor_play_4t-10167.php|https://fdn2.gsmarena.com/vv/bigpic/honor-play-4t.jpg
Honor|8A 2020|https://www.gsmarena.com/honor_8a_2020-10182.php|https://fdn2.gsmarena.com/vv/bigpic/honor-8a-2020-uk.jpg
Honor|8A Prime|https://www.gsmarena.com/honor_8a_prime-10163.php|https://fdn2.gsmarena.com/vv/bigpic/honor-8a-prime.jpg
Honor|30S|https://www.gsmarena.com/honor_30s-10162.php|https://fdn2.gsmarena.com/vv/bigpic/honor-30s.jpg
Honor|Play 9A|https://www.gsmarena.com/honor_play_9a-10155.php|https://fdn2.gsmarena.com/vv/bigpic/honor-play-9a-r.jpg
Honor|View30 Pro|https://www.gsmarena.com/honor_view30_pro-10099.php|https://fdn2.gsmarena.com/vv/bigpic/honor-view30-pro.jpg
Honor|View30|https://www.gsmarena.com/honor_view30-10101.php|https://fdn2.gsmarena.com/vv/bigpic/honor-view30.jpg
Honor|V30 Pro|https://www.gsmarena.com/honor_v30_pro-9976.php|https://fdn2.gsmarena.com/vv/bigpic/honor-v30-pro.jpg
Honor|V30|https://www.gsmarena.com/honor_v30-9977.php|https://fdn2.gsmarena.com/vv/bigpic/honor-v30.jpg
Honor|MagicWatch 2|https://www.gsmarena.com/honor_magicwatch_2-9974.php|https://fdn2.gsmarena.com/vv/bigpic/honor-magic-watch2-.jpg
Honor|9X|https://www.gsmarena.com/honor_9x-9931.php|https://fdn2.gsmarena.com/vv/bigpic/honor-9x-global-new.jpg
Honor|20 lite (China)|https://www.gsmarena.com/honor_20_lite_(china)-9914.php|https://fdn2.gsmarena.com/vv/bigpic/honor-20-lite-youth.jpg
Honor|Play 3e|https://www.gsmarena.com/honor_play_3e-9878.php|https://fdn2.gsmarena.com/vv/bigpic/honor-play-3e.jpg
Honor|Play 3|https://www.gsmarena.com/honor_play_3-9829.php|https://fdn2.gsmarena.com/vv/bigpic/honor-play-3.jpg
Honor|20S|https://www.gsmarena.com/honor_20s-9832.php|https://fdn2.gsmarena.com/vv/bigpic/honor-20s.jpg
Honor|9X Pro|https://www.gsmarena.com/honor_9x_pro-9772.php|https://fdn2.gsmarena.com/vv/bigpic/honor-9x-pro.jpg
Honor|9X (China)|https://www.gsmarena.com/honor_9x_(china)-9771.php|https://fdn2.gsmarena.com/vv/bigpic/honor-9x-global.jpg
Honor|8S|https://www.gsmarena.com/honor_8s-9664.php|https://fdn2.gsmarena.com/vv/bigpic/honor-8s-.jpg
Honor|Pad 5 10.1|https://www.gsmarena.com/honor_pad_5_10_1-9740.php|https://fdn2.gsmarena.com/vv/bigpic/honor5-10-ags2-al00hn.jpg
Honor|Pad 5 8|https://www.gsmarena.com/honor_pad_5_8-9741.php|https://fdn2.gsmarena.com/vv/bigpic/honor5-8-jdn2-al00hn.jpg
Honor|20 Pro|https://www.gsmarena.com/honor_20_pro-9710.php|https://fdn2.gsmarena.com/vv/bigpic/huawei-honor-20-pro-r.jpg
Honor|20|https://www.gsmarena.com/honor_20-9615.php|https://fdn2.gsmarena.com/vv/bigpic/huawei-honor-20.jpg
Honor|20 lite|https://www.gsmarena.com/honor_20_lite-9641.php|https://fdn2.gsmarena.com/vv/bigpic/honor-20-lite.jpg
Honor|20i|https://www.gsmarena.com/honor_20i-9663.php|https://fdn2.gsmarena.com/vv/bigpic/honor-20i.jpg
Honor|8A Pro|https://www.gsmarena.com/honor_8a_pro-9662.php|https://fdn2.gsmarena.com/vv/bigpic/huawei-8a-pro.jpg
Honor|Tab 5|https://www.gsmarena.com/honor_tab_5-9619.php|https://fdn2.gsmarena.com/vv/bigpic/honor-tab-5.jpg
Honor|View 20|https://www.gsmarena.com/honor_view_20-9468.php|https://fdn2.gsmarena.com/vv/bigpic/huawei-honor-view-20-ofic.jpg
Honor|Magic 2 3D|https://www.gsmarena.com/honor_magic_2_3d-9628.php|https://fdn2.gsmarena.com/vv/bigpic/honor-magic-2-3d.jpg
Honor|Magic 2|https://www.gsmarena.com/honor_magic_2-9381.php|https://fdn2.gsmarena.com/vv/bigpic/honor-magic-2-.jpg
Honor|Play 8A|https://www.gsmarena.com/honor_play_8a-9509.php|https://fdn2.gsmarena.com/vv/bigpic/huawei-honor-play-8a.jpg
Honor|10 Lite|https://www.gsmarena.com/honor_10_lite-9403.php|https://fdn2.gsmarena.com/vv/bigpic/huawei-honor-10-lite.jpg
Honor|8C|https://www.gsmarena.com/honor_8c-9366.php|https://fdn2.gsmarena.com/vv/bigpic/huawei-honor-8c.jpg
Honor|8X|https://www.gsmarena.com/honor_8x-9313.php|https://fdn2.gsmarena.com/vv/bigpic/huawei-honor-8x.jpg
Honor|8X Max|https://www.gsmarena.com/honor_8x_max-9306.php|https://fdn2.gsmarena.com/vv/bigpic/huawei-honor-8x-max.jpg
Honor|Note 10|https://www.gsmarena.com/honor_note_10-8799.php|https://fdn2.gsmarena.com/vv/bigpic/huawei-honor-note10-cn.jpg
Honor|9N (9i)|https://www.gsmarena.com/honor_9n_(9i)-9229.php|https://fdn2.gsmarena.com/vv/bigpic/huawei-honor-9n.jpg
Honor|Play|https://www.gsmarena.com/honor_play-9230.php|https://fdn2.gsmarena.com/vv/bigpic/huawei-honor-play-ofic.jpg
Huawei|Enjoy 20 Pro|https://www.gsmarena.com/huawei_enjoy_20_pro-10299.php|https://fdn2.gsmarena.com/vv/bigpic/huawei-enjoy-20-pro.jpg
Huawei|Enjoy Z 5G|https://www.gsmarena.com/huawei_enjoy_z_5g-10252.php|https://fdn2.gsmarena.com/vv/bigpic/huawei-enjoy-z-5g.jpg
Huawei|P Smart S|https://www.gsmarena.com/huawei_p_smart_s-10292.php|https://fdn2.gsmarena.com/vv/bigpic/huawei-enjoy-10s.jpg
Huawei|Y8p|https://www.gsmarena.com/huawei_y8p-10249.php|https://fdn2.gsmarena.com/vv/bigpic/huawei-enjoy-10s.jpg
Huawei|P40 lite 5G|https://www.gsmarena.com/huawei_p40_lite_5g-10236.php|https://fdn2.gsmarena.com/vv/bigpic/huawei-p40-lite-5g.jpg
Huawei|P30 Pro New Edition|https://www.gsmarena.com/huawei_p30_pro_new_edition-10219.php|https://fdn2.gsmarena.com/vv/bigpic/huawei-p30-pro-new-edition.jpg
Huawei|MatePad T8|https://www.gsmarena.com/huawei_matepad_t8-10231.php|https://fdn2.gsmarena.com/vv/bigpic/huawei-mediapad-t8.jpg
Huawei|Y8s|https://www.gsmarena.com/huawei_y8s-10227.php|https://fdn2.gsmarena.com/vv/bigpic/huawei-y8s.png
Huawei|Y6p|https://www.gsmarena.com/huawei_y6p-10222.php|https://fdn2.gsmarena.com/vv/bigpic/huawei-y6p.jpg
Huawei|Y5p|https://www.gsmarena.com/huawei_y5p-10223.php|https://fdn2.gsmarena.com/vv/bigpic/huawei-y5p.jpg
Huawei|P smart 2020|https://www.gsmarena.com/huawei_p_smart_2020-10212.php|https://fdn2.gsmarena.com/vv/bigpic/huawei-p-smart-2020-.jpg
Huawei|nova 7 Pro 5G|https://www.gsmarena.com/huawei_nova_7_pro_5g-10203.php|https://fdn2.gsmarena.com/vv/bigpic/huawei-nova7-pro-5g.jpg
Huawei|nova 7 5G|https://www.gsmarena.com/huawei_nova_7_5g-10204.php|https://fdn2.gsmarena.com/vv/bigpic/huawei-nova7-5g.jpg
Huawei|nova 7 SE|https://www.gsmarena.com/huawei_nova_7_se-10205.php|https://fdn2.gsmarena.com/vv/bigpic/huawei-nova7-se-new.jpg
Huawei|MatePad|https://www.gsmarena.com/huawei_matepad-10206.php|https://fdn2.gsmarena.com/vv/bigpic/huawei-matepad-10.4.jpg
Huawei|Watch GT 2e|https://www.gsmarena.com/huawei_watch_gt_2e-10166.php|https://fdn2.gsmarena.com/vv/bigpic/huawei-watch-gt2e-new.jpg
Huawei|P40 Pro+|https://www.gsmarena.com/huawei_p40_pro+-10118.php|https://fdn2.gsmarena.com/vv/bigpic/huawei-p40-pro-plus.jpg
Huawei|P40 Pro|https://www.gsmarena.com/huawei_p40_pro-10152.php|https://fdn2.gsmarena.com/vv/bigpic/huawei-p40-pro.jpg
Huawei|P40|https://www.gsmarena.com/huawei_p40-10153.php|https://fdn2.gsmarena.com/vv/bigpic/huawei-p40.jpg
Huawei|P40 lite E|https://www.gsmarena.com/huawei_p40_lite_e-10112.php|https://fdn2.gsmarena.com/vv/bigpic/huawei-y7p-.jpg
Huawei|P40 lite|https://www.gsmarena.com/huawei_p40_lite-9996.php|https://fdn2.gsmarena.com/vv/bigpic/huawei-p40-lite.jpg
Huawei|MatePad Pro 5G|https://www.gsmarena.com/huawei_matepad_pro_5g-10100.php|https://fdn2.gsmarena.com/vv/bigpic/huawei-matepad-pro.jpg
Huawei|Mate Xs|https://www.gsmarena.com/huawei_mate_xs-10098.php|https://fdn2.gsmarena.com/vv/bigpic/huawei-mate-xs-.jpg
Huawei|P30 lite New Edition|https://www.gsmarena.com/huawei_p30_lite_new_edition-10073.php|https://fdn2.gsmarena.com/vv/bigpic/huawei-p30-lite-new-edition.jpg
Huawei|Y7p|https://www.gsmarena.com/huawei_y7p-10074.php|https://fdn2.gsmarena.com/vv/bigpic/huawei-y7p-.jpg
Huawei|nova 7i|https://www.gsmarena.com/huawei_nova_7i-10058.php|https://fdn2.gsmarena.com/vv/bigpic/huawei-p40-lite.jpg
Huawei|Y6s (2019)|https://www.gsmarena.com/huawei_y6s_(2019)-10012.php|https://fdn2.gsmarena.com/vv/bigpic/huawei-y6s.jpg
Huawei|P smart Pro 2019|https://www.gsmarena.com/huawei_p_smart_pro_2019-9799.php|https://fdn2.gsmarena.com/vv/bigpic/huawei-y9s.jpg
Huawei|nova 6 5G|https://www.gsmarena.com/huawei_nova_6_5g-9983.php|https://fdn2.gsmarena.com/vv/bigpic/huawei-nova-6-5g.jpg
Huawei|nova 6|https://www.gsmarena.com/huawei_nova_6-9971.php|https://fdn2.gsmarena.com/vv/bigpic/huawei-nova-6.jpg
Huawei|nova 6 SE|https://www.gsmarena.com/huawei_nova_6_se-9989.php|https://fdn2.gsmarena.com/vv/bigpic/huawei-nova-6-se.jpg
Huawei|MatePad Pro|https://www.gsmarena.com/huawei_matepad_pro-9973.php|https://fdn2.gsmarena.com/vv/bigpic/huawei-matepad-pro.jpg
Huawei|Mate X|https://www.gsmarena.com/huawei_mate_x-9605.php|https://fdn2.gsmarena.com/vv/bigpic/huawei-mate-x-.jpg
Huawei|Y9s|https://www.gsmarena.com/huawei_y9s-9956.php|https://fdn2.gsmarena.com/vv/bigpic/huawei-y9s.jpg
Huawei|nova 5z|https://www.gsmarena.com/huawei_nova_5z-9922.php|https://fdn2.gsmarena.com/vv/bigpic/huawei-nova-5z.jpg
Huawei|Enjoy 10s|https://www.gsmarena.com/huawei_enjoy_10s-9933.php|https://fdn2.gsmarena.com/vv/bigpic/huawei-enjoy-10s.jpg
Huawei|Enjoy 10|https://www.gsmarena.com/huawei_enjoy_10-9905.php|https://fdn2.gsmarena.com/vv/bigpic/huawei-enjoy-10.jpg
Huawei|Mate 30 RS Porsche Design|https://www.gsmarena.com/huawei_mate_30_rs_porsche_design-9887.php|https://fdn2.gsmarena.com/vv/bigpic/huawei-mate-30-rs-porsche-design.jpg
Huawei|Mate 30 Pro 5G|https://www.gsmarena.com/huawei_mate_30_pro_5g-9880.php|https://fdn2.gsmarena.com/vv/bigpic/huawei-mate30-pro-5g.jpg
Huawei|Mate 30 Pro|https://www.gsmarena.com/huawei_mate_30_pro-9885.php|https://fdn2.gsmarena.com/vv/bigpic/huawei-mate30-pro-.jpg
Huawei|Mate 30 5G|https://www.gsmarena.com/huawei_mate_30_5g-9881.php|https://fdn2.gsmarena.com/vv/bigpic/huawei-mate30-5g.jpg
Huawei|Mate 30|https://www.gsmarena.com/huawei_mate_30-9886.php|https://fdn2.gsmarena.com/vv/bigpic/huawei-mate30-.jpg
Huawei|Watch GT 2|https://www.gsmarena.com/huawei_watch_gt_2-9888.php|https://fdn2.gsmarena.com/vv/bigpic/huawei-watch-gt2-.jpg
Huawei|nova 5i Pro|https://www.gsmarena.com/huawei_nova_5i_pro-9765.php|https://fdn2.gsmarena.com/vv/bigpic/huawei-nova-5i-pro.jpg
Huawei|Enjoy 10 Plus|https://www.gsmarena.com/huawei_enjoy_10_plus-9830.php|https://fdn2.gsmarena.com/vv/bigpic/huawei-enjoy-10-plus.jpg
Huawei|nova 5T|https://www.gsmarena.com/huawei_nova_5t-9803.php|https://fdn2.gsmarena.com/vv/bigpic/huawei-nova-5t.jpg
Huawei|MediaPad M6 10.8|https://www.gsmarena.com/huawei_mediapad_m6_10_8-9748.php|https://fdn2.gsmarena.com/vv/bigpic/huawei-mediapad-m6-108.jpg
Huawei|MediaPad M6 Turbo 8.4|https://www.gsmarena.com/huawei_mediapad_m6_turbo_8_4-9823.php|https://fdn2.gsmarena.com/vv/bigpic/huawei-mediapad-m6-turbo.jpg
Huawei|MediaPad M6 8.4|https://www.gsmarena.com/huawei_mediapad_m6_8_4-9747.php|https://fdn2.gsmarena.com/vv/bigpic/huawei-mediapad-m6-84.jpg
Huawei|nova 5 Pro|https://www.gsmarena.com/huawei_nova_5_pro-9746.php|https://fdn2.gsmarena.com/vv/bigpic/huawei-nova-5-pro-new.jpg
Huawei|nova 5|https://www.gsmarena.com/huawei_nova_5-9728.php|https://fdn2.gsmarena.com/vv/bigpic/huawei-nova-5-.jpg
Huawei|nova 5i|https://www.gsmarena.com/huawei_nova_5i-9727.php|https://fdn2.gsmarena.com/vv/bigpic/huawei-p20-lite-2019-.jpg
Huawei|Y9 Prime (2019)|https://www.gsmarena.com/huawei_y9_prime_(2019)-9742.php|https://fdn2.gsmarena.com/vv/bigpic/huawei-y9-prime-2019-.jpg
Huawei|P20 lite (2019)|https://www.gsmarena.com/huawei_p20_lite_(2019)-9703.php|https://fdn2.gsmarena.com/vv/bigpic/huawei-p20-lite-2019-.jpg
Huawei|P Smart Z|https://www.gsmarena.com/huawei_p_smart_z-9694.php|https://fdn2.gsmarena.com/vv/bigpic/huawei-p-smart-z-.jpg
Huawei|Mate 20 X (5G)|https://www.gsmarena.com/huawei_mate_20_x_(5g)-9705.php|https://fdn2.gsmarena.com/vv/bigpic/huawei-mate-20x-5g-.jpg
Huawei|P30 Pro|https://www.gsmarena.com/huawei_p30_pro-9635.php|https://fdn2.gsmarena.com/vv/bigpic/huawei-p30-pro.jpg
Huawei|P30|https://www.gsmarena.com/huawei_p30-9530.php|https://fdn2.gsmarena.com/vv/bigpic/huawei-p30.jpg
Huawei|P30 lite|https://www.gsmarena.com/huawei_p30_lite-9545.php|https://fdn2.gsmarena.com/vv/bigpic/huawei-p30-lite-.jpg
Huawei|nova 4e|https://www.gsmarena.com/huawei_nova_4e-9627.php|https://fdn2.gsmarena.com/vv/bigpic/huawei-nova-4e-.jpg
Huawei|Y5 (2019)|https://www.gsmarena.com/huawei_y5_(2019)-9675.php|https://fdn2.gsmarena.com/vv/bigpic/huawei-y5-2019.jpg
Huawei|Enjoy 9e|https://www.gsmarena.com/huawei_enjoy_9e-9645.php|https://fdn2.gsmarena.com/vv/bigpic/huawei-y6-2019-.jpg
Huawei|Enjoy 9s|https://www.gsmarena.com/huawei_enjoy_9s-9644.php|https://fdn2.gsmarena.com/vv/bigpic/huawei-p-smart-plus-2019-starlight-blue.jpg
Huawei|Y Max|https://www.gsmarena.com/huawei_y_max-9643.php|https://fdn2.gsmarena.com/vv/bigpic/huawei-y-max-ars-l22.jpg
Huawei|MediaPad M5 Lite 8|https://www.gsmarena.com/huawei_mediapad_m5_lite_8-9668.php|https://fdn2.gsmarena.com/vv/bigpic/huawei-mediapad-m5-lite-8-inch.jpg
Huawei|Y6 Pro (2019)|https://www.gsmarena.com/huawei_y6_pro_(2019)-9576.php|https://fdn2.gsmarena.com/vv/bigpic/huawei-y6-pro-2019-.jpg
Huawei|Y6 (2019)|https://www.gsmarena.com/huawei_y6_(2019)-9620.php|https://fdn2.gsmarena.com/vv/bigpic/huawei-y6-2019-.jpg
Huawei|Y7 (2019)|https://www.gsmarena.com/huawei_y7_(2019)-9625.php|https://fdn2.gsmarena.com/vv/bigpic/huawei-y7-prime-2019.jpg
Huawei|Y7 Prime (2019)|https://www.gsmarena.com/huawei_y7_prime_(2019)-9531.php|https://fdn2.gsmarena.com/vv/bigpic/huawei-y7-prime-2019.jpg
Huawei|Y7 Pro (2019)|https://www.gsmarena.com/huawei_y7_pro_(2019)-9500.php|https://fdn2.gsmarena.com/vv/bigpic/huawei-y7-pro-2019-.jpg
Lenovo|K7|https://www.gsmarena.com/lenovo_k7-10185.php|https://fdn2.gsmarena.com/vv/bigpic/lenovo-a7-.jpg
Lenovo|M10 FHD REL|https://www.gsmarena.com/lenovo_m10_fhd_rel-10049.php|https://fdn2.gsmarena.com/vv/bigpic/lenovo-m10-fhd-rel.jpg
Lenovo|Yoga Smart Tab|https://www.gsmarena.com/lenovo_yoga_smart_tab-9959.php|https://fdn2.gsmarena.com/vv/bigpic/lenovo-yoga-smart-tab.jpg
Lenovo|K10 Plus|https://www.gsmarena.com/lenovo_k10_plus-9882.php|https://fdn2.gsmarena.com/vv/bigpic/lenovo-k10-plus.jpg
Lenovo|K10 Note|https://www.gsmarena.com/lenovo_k10_note-9821.php|https://fdn2.gsmarena.com/vv/bigpic/lenovo-z6-youth.jpg
Lenovo|A6 Note|https://www.gsmarena.com/lenovo_a6_note-9822.php|https://fdn2.gsmarena.com/vv/bigpic/lenovo-a6-note-.jpg
Lenovo|Tab M8 (FHD)|https://www.gsmarena.com/lenovo_tab_m8_(fhd)-9826.php|https://fdn2.gsmarena.com/vv/bigpic/lenovo-tab-m8-HD.jpg
Lenovo|Tab M8 (HD)|https://www.gsmarena.com/lenovo_tab_m8_(hd)-9825.php|https://fdn2.gsmarena.com/vv/bigpic/lenovo-tab-m8-HD.jpg
Lenovo|Tab M7|https://www.gsmarena.com/lenovo_tab_m7-9824.php|https://fdn2.gsmarena.com/vv/bigpic/lenovo-tab-m7.jpg
Lenovo|Z6|https://www.gsmarena.com/lenovo_z6-9757.php|https://fdn2.gsmarena.com/vv/bigpic/lenovo-z6.jpg
Lenovo|Z6 Pro 5G|https://www.gsmarena.com/lenovo_z6_pro_5g-9754.php|https://fdn2.gsmarena.com/vv/bigpic/lenovo-z6-pro.jpg
Lenovo|Z6 Youth|https://www.gsmarena.com/lenovo_z6_youth-9711.php|https://fdn2.gsmarena.com/vv/bigpic/lenovo-z6-youth.jpg
Lenovo|Z6 Pro|https://www.gsmarena.com/lenovo_z6_pro-9671.php|https://fdn2.gsmarena.com/vv/bigpic/lenovo-z6-pro.jpg
Lenovo|K6 Enjoy|https://www.gsmarena.com/lenovo_k6_enjoy-9655.php|https://fdn2.gsmarena.com/vv/bigpic/lenovo-k6-enjoy.jpg
Lenovo|Tab V7|https://www.gsmarena.com/lenovo_tab_v7-9609.php|https://fdn2.gsmarena.com/vv/bigpic/lenovo-tab-v7.jpg
Lenovo|S5 Pro GT|https://www.gsmarena.com/lenovo_s5_pro_gt-9490.php|https://fdn2.gsmarena.com/vv/bigpic/lenovo-s5-pro.jpg
Lenovo|Z5s|https://www.gsmarena.com/lenovo_z5s-9436.php|https://fdn2.gsmarena.com/vv/bigpic/lenovo-z5s.jpg
Lenovo|Z5 Pro GT|https://www.gsmarena.com/lenovo_z5_pro_gt-9489.php|https://fdn2.gsmarena.com/vv/bigpic/lenovo-z5-pro-gt-.jpg
Lenovo|Z5 Pro|https://www.gsmarena.com/lenovo_z5_pro-9349.php|https://fdn2.gsmarena.com/vv/bigpic/lenovo-z5-pro.jpg
Lenovo|S5 Pro|https://www.gsmarena.com/lenovo_s5_pro-9375.php|https://fdn2.gsmarena.com/vv/bigpic/lenovo-s5-pro.jpg
LG|Q61|https://www.gsmarena.com/lg_q61-10257.php|https://fdn2.gsmarena.com/vv/bigpic/lg-q61.jpg
LG|Stylo 6|https://www.gsmarena.com/lg_stylo_6-10255.php|https://fdn2.gsmarena.com/vv/bigpic/lg-stylo6.jpg
LG|Velvet|https://www.gsmarena.com/lg_velvet-10209.php|https://fdn2.gsmarena.com/vv/bigpic/lg-velvet-.jpg
LG|Folder 2|https://www.gsmarena.com/lg_folder_2-10186.php|https://fdn2.gsmarena.com/vv/bigpic/lg-folder2.jpg
LG|V60 ThinQ 5G UW|https://www.gsmarena.com/lg_v60_thinq_5g_uw-10256.php|https://fdn2.gsmarena.com/vv/bigpic/lg-v60-thinq-5g-b.jpg
LG|V60 ThinQ 5G|https://www.gsmarena.com/lg_v60_thinq_5g-10103.php|https://fdn2.gsmarena.com/vv/bigpic/lg-v60-thinq-5g-b.jpg
LG|Q51|https://www.gsmarena.com/lg_q51-10102.php|https://fdn2.gsmarena.com/vv/bigpic/lg-q51.jpg
LG|W10 Alpha|https://www.gsmarena.com/lg_w10_alpha-10090.php|https://fdn2.gsmarena.com/vv/bigpic/lg-w10-alpha-.jpg
LG|K61|https://www.gsmarena.com/lg_k61-10088.php|https://fdn2.gsmarena.com/vv/bigpic/lg-k61-new.jpg
LG|K51S|https://www.gsmarena.com/lg_k51s-10087.php|https://fdn2.gsmarena.com/vv/bigpic/lg-k51s.jpg
LG|K41S|https://www.gsmarena.com/lg_k41s-10086.php|https://fdn2.gsmarena.com/vv/bigpic/lg-k41ss.jpg
LG|G Pad 5 10.1|https://www.gsmarena.com/lg_g_pad_5_10_1-9952.php|https://fdn2.gsmarena.com/vv/bigpic/lg-gpad-5-101-lmt600l.jpg
LG|V50S ThinQ 5G|https://www.gsmarena.com/lg_v50s_thinq_5g-9906.php|https://fdn2.gsmarena.com/vv/bigpic/lg-g8x-thinq.jpg
LG|G8X ThinQ|https://www.gsmarena.com/lg_g8x_thinq-9844.php|https://fdn2.gsmarena.com/vv/bigpic/lg-g8x-thinq.jpg
LG|Q70|https://www.gsmarena.com/lg_q70-9815.php|https://fdn2.gsmarena.com/vv/bigpic/lg-q70.jpg
LG|K30 (2019)|https://www.gsmarena.com/lg_k30_(2019)-9827.php|https://fdn2.gsmarena.com/vv/bigpic/lg-k30-2019.jpg
LG|K20 (2019)|https://www.gsmarena.com/lg_k20_(2019)-9828.php|https://fdn2.gsmarena.com/vv/bigpic/lg-k20-2019.jpg
LG|K40S|https://www.gsmarena.com/lg_k40s-9805.php|https://fdn2.gsmarena.com/vv/bigpic/kg-k40s-.jpg
LG|K50S|https://www.gsmarena.com/lg_k50s-9804.php|https://fdn2.gsmarena.com/vv/bigpic/lg-k50s-.jpg
LG|W30 Pro|https://www.gsmarena.com/lg_w30_pro-9753.php|https://fdn2.gsmarena.com/vv/bigpic/lg-w30-pro.jpg
LG|W30|https://www.gsmarena.com/lg_w30-9752.php|https://fdn2.gsmarena.com/vv/bigpic/lg-w30-lmx440im.jpg
LG|W10|https://www.gsmarena.com/lg_w10-9751.php|https://fdn2.gsmarena.com/vv/bigpic/lg-w10-lmx130im.jpg
LG|Stylo 5|https://www.gsmarena.com/lg_stylo_5-9758.php|https://fdn2.gsmarena.com/vv/bigpic/lg-stylo-5.jpg
LG|V50 ThinQ 5G|https://www.gsmarena.com/lg_v50_thinq_5g-9607.php|https://fdn2.gsmarena.com/vv/bigpic/lg-gv50-thinq-.jpg
LG|G8S ThinQ|https://www.gsmarena.com/lg_g8s_thinq-9608.php|https://fdn2.gsmarena.com/vv/bigpic/lg-g8s-thinq.jpg
LG|G8 ThinQ|https://www.gsmarena.com/lg_g8_thinq-9540.php|https://fdn2.gsmarena.com/vv/bigpic/lg-g8-thinq-r1.jpg
LG|Q60|https://www.gsmarena.com/lg_q60-9585.php|https://fdn2.gsmarena.com/vv/bigpic/lg-q60-.jpg
LG|K50|https://www.gsmarena.com/lg_k50-9586.php|https://fdn2.gsmarena.com/vv/bigpic/lg-k50-.jpg
LG|K40|https://www.gsmarena.com/lg_k40-9587.php|https://fdn2.gsmarena.com/vv/bigpic/lg-k40-.jpg
LG|Q9|https://www.gsmarena.com/lg_q9-9411.php|https://fdn2.gsmarena.com/vv/bigpic/lg-q9-.jpg
LG|V40 ThinQ|https://www.gsmarena.com/lg_v40_thinq-9300.php|https://fdn2.gsmarena.com/vv/bigpic/lg-v40-carmine-red.jpg
Motorola|One Fusion+|https://www.gsmarena.com/motorola_one_fusion+-10290.php|https://fdn2.gsmarena.com/vv/bigpic/motorola-one-fusion-plus.jpg
Motorola|Moto G Fast|https://www.gsmarena.com/motorola_moto_g_fast-10286.php|https://fdn2.gsmarena.com/vv/bigpic/motorola-moto-g-fast.jpg
Motorola|Moto E (2020)|https://www.gsmarena.com/motorola_moto_e_(2020)-10287.php|https://fdn2.gsmarena.com/vv/bigpic/motorola-moto-e-2020.jpg
Motorola|Moto G Pro|https://www.gsmarena.com/motorola_moto_g_pro-10269.php|https://fdn2.gsmarena.com/vv/bigpic/motorola-moto-g-stylus-.jpg
Motorola|Edge+|https://www.gsmarena.com/motorola_edge+-10119.php|https://fdn2.gsmarena.com/vv/bigpic/motorola-edge-plus.jpg
Motorola|Edge|https://www.gsmarena.com/motorola_edge-10133.php|https://fdn2.gsmarena.com/vv/bigpic/motorola-edge-midnight-magenta.jpg
Motorola|Moto G8 Power Lite|https://www.gsmarena.com/motorola_moto_g8_power_lite-10154.php|https://fdn2.gsmarena.com/vv/bigpic/motorola-moto-g8-power-lite.jpg
Motorola|Moto E6s (2020)|https://www.gsmarena.com/motorola_moto_e6s_(2020)-10135.php|https://fdn2.gsmarena.com/vv/bigpic/motorola-moto-e6s-2020.jpg
Motorola|Moto G8|https://www.gsmarena.com/motorola_moto_g8-10051.php|https://fdn2.gsmarena.com/vv/bigpic/motorola-moto-g8.jpg
Motorola|Moto G Stylus|https://www.gsmarena.com/motorola_moto_g_stylus-10057.php|https://fdn2.gsmarena.com/vv/bigpic/motorola-moto-g-stylus-.jpg
Motorola|Moto G Power|https://www.gsmarena.com/motorola_moto_g_power-10076.php|https://fdn2.gsmarena.com/vv/bigpic/motorola-moto-g-power.jpg
Motorola|Moto G8 Power|https://www.gsmarena.com/motorola_moto_g8_power-10052.php|https://fdn2.gsmarena.com/vv/bigpic/motorola-moto-g-power-r.jpg
Motorola|One Hyper|https://www.gsmarena.com/motorola_one_hyper-9944.php|https://fdn2.gsmarena.com/vv/bigpic/motorola-one-hyper-.jpg
Motorola|Razr 2019|https://www.gsmarena.com/motorola_razr_2019-9630.php|https://fdn2.gsmarena.com/vv/bigpic/motorola-razr-2019-.jpg
Motorola|Moto G8 Play|https://www.gsmarena.com/motorola_moto_g8_play-9918.php|https://fdn2.gsmarena.com/vv/bigpic/motorola-moto-g8-play-r.jpg
Motorola|Moto E6 Play|https://www.gsmarena.com/motorola_moto_e6_play-9932.php|https://fdn2.gsmarena.com/vv/bigpic/motorola-moto-e6-play.jpg
Motorola|Moto G8 Plus|https://www.gsmarena.com/motorola_moto_g8_plus-9916.php|https://fdn2.gsmarena.com/vv/bigpic/motorola-moto-g8-plus.jpg
Motorola|One Macro|https://www.gsmarena.com/motorola_one_macro-9900.php|https://fdn2.gsmarena.com/vv/bigpic/motorola-one-macro-10.jpg
Motorola|Moto E6 Plus|https://www.gsmarena.com/motorola_moto_e6_plus-9831.php|https://fdn2.gsmarena.com/vv/bigpic/motorola-moto-e6-plus-.jpg
Motorola|One Zoom|https://www.gsmarena.com/motorola_one_zoom-9745.php|https://fdn2.gsmarena.com/vv/bigpic/motorola-one-zoom-r1.jpg
Motorola|One Action|https://www.gsmarena.com/motorola_one_action-9739.php|https://fdn2.gsmarena.com/vv/bigpic/motorola-one-action-aqua-teal.jpg
Motorola|Moto E6|https://www.gsmarena.com/motorola_moto_e6-9682.php|https://fdn2.gsmarena.com/vv/bigpic/motorola-moto-e6-xt2005-navy-blue.jpg
Motorola|Moto Z4|https://www.gsmarena.com/motorola_moto_z4-9691.php|https://fdn2.gsmarena.com/vv/bigpic/motorola-moto-z4-r.jpg
Motorola|One Vision|https://www.gsmarena.com/motorola_one_vision-9647.php|https://fdn2.gsmarena.com/vv/bigpic/motorola-one-vision.jpg
Motorola|Moto G7 Plus|https://www.gsmarena.com/motorola_moto_g7_plus-9533.php|https://fdn2.gsmarena.com/vv/bigpic/motorola-moto-g7-plus.jpg
Motorola|Moto G7|https://www.gsmarena.com/motorola_moto_g7-9357.php|https://fdn2.gsmarena.com/vv/bigpic/motorola-moto-g7.jpg
Motorola|Moto G7 Power|https://www.gsmarena.com/motorola_moto_g7_power-9527.php|https://fdn2.gsmarena.com/vv/bigpic/motorola-moto-g7-power.jpg
Motorola|Moto G7 Play|https://www.gsmarena.com/motorola_moto_g7_play-9532.php|https://fdn2.gsmarena.com/vv/bigpic/motorola-moto-g7-play.jpg
Nokia|C5 Endi|https://www.gsmarena.com/nokia_c5_endi-10273.php|https://fdn2.gsmarena.com/vv/bigpic/nokia-c5-endi.jpg
Nokia|C2 Tennen|https://www.gsmarena.com/nokia_c2_tennen-10275.php|https://fdn2.gsmarena.com/vv/bigpic/nokia-c2-tennen.jpg
Nokia|C2 Tava|https://www.gsmarena.com/nokia_c2_tava-10274.php|https://fdn2.gsmarena.com/vv/bigpic/nokia-c2-tava.jpg
Nokia|150 (2020)|https://www.gsmarena.com/nokia_150_(2020)-10241.php|https://fdn2.gsmarena.com/vv/bigpic/nokia-150-2020.jpg
Nokia|125|https://www.gsmarena.com/nokia_125-10240.php|https://fdn2.gsmarena.com/vv/bigpic/nokia-125-2020.jpg
Nokia|8.3 5G|https://www.gsmarena.com/nokia_8_3_5g-10142.php|https://fdn2.gsmarena.com/vv/bigpic/nokia-83-5g.jpg
Nokia|5.3|https://www.gsmarena.com/nokia_5_3-10117.php|https://fdn2.gsmarena.com/vv/bigpic/nokia-53.jpg
Nokia|1.3|https://www.gsmarena.com/nokia_1_3-10143.php|https://fdn2.gsmarena.com/vv/bigpic/nokia-13.jpg
Nokia|5310 (2020)|https://www.gsmarena.com/nokia_5310_(2020)-10144.php|https://fdn2.gsmarena.com/vv/bigpic/nokia-5310.jpg
Nokia|C2|https://www.gsmarena.com/nokia_c2-10131.php|https://fdn2.gsmarena.com/vv/bigpic/nokia-c2-.jpg
Nokia|C1|https://www.gsmarena.com/nokia_c1-9993.php|https://fdn2.gsmarena.com/vv/bigpic/nokia-c1-.jpg
Nokia|2.3|https://www.gsmarena.com/nokia_2_3-9988.php|https://fdn2.gsmarena.com/vv/bigpic/nokia-23.jpg
Nokia|7.2|https://www.gsmarena.com/nokia_7_2-9833.php|https://fdn2.gsmarena.com/vv/bigpic/nokia-72.jpg
Nokia|6.2|https://www.gsmarena.com/nokia_6_2-9834.php|https://fdn2.gsmarena.com/vv/bigpic/nokia-62.jpg
Nokia|800 Tough|https://www.gsmarena.com/nokia_800_tough-9835.php|https://fdn2.gsmarena.com/vv/bigpic/nokia-800t.jpg
Nokia|2720 Flip|https://www.gsmarena.com/nokia_2720_flip-9836.php|https://fdn2.gsmarena.com/vv/bigpic/nokia-2720f-0.jpg
Nokia|220 4G|https://www.gsmarena.com/nokia_220_4g-9774.php|https://fdn2.gsmarena.com/vv/bigpic/nokia-220-4g.jpg
Nokia|110 (2019)|https://www.gsmarena.com/nokia_110_(2019)-9845.php|https://fdn2.gsmarena.com/vv/bigpic/nokia-110-2019.jpg
Nokia|105 (2019)|https://www.gsmarena.com/nokia_105_(2019)-9773.php|https://fdn2.gsmarena.com/vv/bigpic/nokia-105-2019.jpg
Nokia|3.1 C|https://www.gsmarena.com/nokia_3_1_c-9737.php|https://fdn2.gsmarena.com/vv/bigpic/nokia-31-c.jpg
Nokia|3.1 A|https://www.gsmarena.com/nokia_3_1_a-9736.php|https://fdn2.gsmarena.com/vv/bigpic/nokia-31-a.jpg
Nokia|2.2|https://www.gsmarena.com/nokia_2_2-9731.php|https://fdn2.gsmarena.com/vv/bigpic/nokia-22.jpg
Nokia|X71|https://www.gsmarena.com/nokia_x71-9652.php|https://fdn2.gsmarena.com/vv/bigpic/nokia-x71.jpg
Nokia|9 PureView|https://www.gsmarena.com/nokia_9_pureview-8867.php|https://fdn2.gsmarena.com/vv/bigpic/nokia-9-pureview-.jpg
Nokia|4.2|https://www.gsmarena.com/nokia_4_2-9603.php|https://fdn2.gsmarena.com/vv/bigpic/nokia-42.jpg
Nokia|3.2|https://www.gsmarena.com/nokia_3_2-9604.php|https://fdn2.gsmarena.com/vv/bigpic/nokia-32.jpg
Nokia|1 Plus|https://www.gsmarena.com/nokia_1_plus-9538.php|https://fdn2.gsmarena.com/vv/bigpic/nokia-1-plus.jpg
Nokia|210|https://www.gsmarena.com/nokia_210-9606.php|https://fdn2.gsmarena.com/vv/bigpic/nokia-210-2019.jpg
OnePlus|8 Pro|https://www.gsmarena.com/oneplus_8_pro-9919.php|https://fdn2.gsmarena.com/vv/bigpic/oneplus-8-pro.jpg
OnePlus|8|https://www.gsmarena.com/oneplus_8-10161.php|https://fdn2.gsmarena.com/vv/bigpic/oneplus-8.jpg
OnePlus|8 5G UW (Verizon)|https://www.gsmarena.com/oneplus_8_5g_uw_(verizon)-10226.php|https://fdn2.gsmarena.com/vv/bigpic/oneplus-8-5g-uw.jpg
OnePlus|8 5G (T-Mobile)|https://www.gsmarena.com/oneplus_8_5g_(t_mobile)-10229.php|https://fdn2.gsmarena.com/vv/bigpic/oneplus-8-5g-t-mobile.jpg
OnePlus|7T Pro 5G McLaren|https://www.gsmarena.com/oneplus_7t_pro_5g_mclaren-9928.php|https://fdn2.gsmarena.com/vv/bigpic/oneplus-7t-pro-5g-mclaren-edition-.jpg
OnePlus|7T Pro|https://www.gsmarena.com/oneplus_7t_pro-9872.php|https://fdn2.gsmarena.com/vv/bigpic/oneplus-7t-pro.jpg
OnePlus|7T|https://www.gsmarena.com/oneplus_7t-9816.php|https://fdn2.gsmarena.com/vv/bigpic/oneplus-7t-.jpg
OnePlus|7 Pro 5G|https://www.gsmarena.com/oneplus_7_pro_5g-9704.php|https://fdn2.gsmarena.com/vv/bigpic/oneplus-7-pro-r1.jpg
OnePlus|7 Pro|https://www.gsmarena.com/oneplus_7_pro-9689.php|https://fdn2.gsmarena.com/vv/bigpic/oneplus-7-pro-r1.jpg
OnePlus|7|https://www.gsmarena.com/oneplus_7-9623.php|https://fdn2.gsmarena.com/vv/bigpic/oneplus-7--.jpg
OnePlus|6T McLaren|https://www.gsmarena.com/oneplus_6t_mclaren-9469.php|https://fdn2.gsmarena.com/vv/bigpic/oneplus-6t-mclaren-edition.jpg
OnePlus|6T|https://www.gsmarena.com/oneplus_6t-9350.php|https://fdn2.gsmarena.com/vv/bigpic/oneplus-6t-thunder-purple.jpg
OnePlus|6|https://www.gsmarena.com/oneplus_6-9109.php|https://fdn2.gsmarena.com/vv/bigpic/oneplus-6-red.jpg
OnePlus|5T|https://www.gsmarena.com/oneplus_5t-8912.php|https://fdn2.gsmarena.com/vv/bigpic/oneplus-5t.jpg
OnePlus|5|https://www.gsmarena.com/oneplus_5-8647.php|https://fdn2.gsmarena.com/vv/bigpic/oneplus-5.jpg
OnePlus|3T|https://www.gsmarena.com/oneplus_3t-8416.php|https://fdn2.gsmarena.com/vv/bigpic/oneplus-3t-.jpg
OnePlus|3|https://www.gsmarena.com/oneplus_3-7995.php|https://fdn2.gsmarena.com/vv/bigpic/oneplus-3-.jpg
OnePlus|X|https://www.gsmarena.com/oneplus_x-7630.php|https://fdn2.gsmarena.com/vv/bigpic/oneplus-x.jpg
OnePlus|2|https://www.gsmarena.com/oneplus_2-6902.php|https://fdn2.gsmarena.com/vv/bigpic/oneplus-two.jpg
OnePlus|One|https://www.gsmarena.com/oneplus_one-6327.php|https://fdn2.gsmarena.com/vv/bigpic/oneplus-one.jpg
Oppo|Reno4 Pro 5G|https://www.gsmarena.com/oppo_reno4_pro_5g-10264.php|https://fdn2.gsmarena.com/vv/bigpic/oppo-reno4-pro-5g.jpg
Oppo|Reno4 5G|https://www.gsmarena.com/oppo_reno4_5g-10265.php|https://fdn2.gsmarena.com/vv/bigpic/oppo-reno4-5g.jpg
Oppo|A92|https://www.gsmarena.com/oppo_a92-10211.php|https://fdn2.gsmarena.com/vv/bigpic/oppo-a92-.jpg
Oppo|Find X2 Neo|https://www.gsmarena.com/oppo_find_x2_neo-10195.php|https://fdn2.gsmarena.com/vv/bigpic/oppo-find-x2-neo.jpg
Oppo|A92s|https://www.gsmarena.com/oppo_a92s-10184.php|https://fdn2.gsmarena.com/vv/bigpic/oppo-a92s.jpg
Oppo|A72|https://www.gsmarena.com/oppo_a72-10196.php|https://fdn2.gsmarena.com/vv/bigpic/oppo-a72.jpg
Oppo|A52|https://www.gsmarena.com/oppo_a52-10194.php|https://fdn2.gsmarena.com/vv/bigpic/oppo-a52.jpg
Oppo|A12|https://www.gsmarena.com/oppo_a12-10171.php|https://fdn2.gsmarena.com/vv/bigpic/oppo-a12.jpg
Oppo|Find X2 Lite|https://www.gsmarena.com/oppo_find_x2_lite-10176.php|https://fdn2.gsmarena.com/vv/bigpic/oppo-find-x2-lite.jpg
Oppo|Ace2|https://www.gsmarena.com/oppo_ace2-10164.php|https://fdn2.gsmarena.com/vv/bigpic/oppo-reno-ace2-new.jpg
Oppo|A12e|https://www.gsmarena.com/oppo_a12e-10173.php|https://fdn2.gsmarena.com/vv/bigpic/oppo-a12e.jpg
Oppo|Reno3|https://www.gsmarena.com/oppo_reno3-10125.php|https://fdn2.gsmarena.com/vv/bigpic/oppo-reno3-lte-r.jpg
Oppo|Find X2 Pro|https://www.gsmarena.com/oppo_find_x2_pro-9529.php|https://fdn2.gsmarena.com/vv/bigpic/oppo-find-x2-pro.jpg
Oppo|Find X2|https://www.gsmarena.com/oppo_find_x2-10048.php|https://fdn2.gsmarena.com/vv/bigpic/oppo-find-x2.jpg
Oppo|Watch|https://www.gsmarena.com/oppo_watch-10115.php|https://fdn2.gsmarena.com/vv/bigpic/oppo-watch.jpg
Oppo|Reno3 Pro|https://www.gsmarena.com/oppo_reno3_pro-10053.php|https://fdn2.gsmarena.com/vv/bigpic/oppo-reno3-pro-.jpg
Oppo|A31|https://www.gsmarena.com/oppo_a31-10083.php|https://fdn2.gsmarena.com/vv/bigpic/oppo-a31-01.jpg
Oppo|F15|https://www.gsmarena.com/oppo_f15-10009.php|https://fdn2.gsmarena.com/vv/bigpic/oppo-f15-cph2001.jpg
Oppo|Reno3 Pro 5G|https://www.gsmarena.com/oppo_reno3_pro_5g-9992.php|https://fdn2.gsmarena.com/vv/bigpic/oppo-reno3-pro-5g-.jpg
Oppo|Reno3 Youth|https://www.gsmarena.com/oppo_reno3_youth-10077.php|https://fdn2.gsmarena.com/vv/bigpic/oppo-reno3-vitality-edition-pclm50.jpg
Oppo|Reno3 5G|https://www.gsmarena.com/oppo_reno3_5g-9942.php|https://fdn2.gsmarena.com/vv/bigpic/oppo-reno3-.jpg
Oppo|A91|https://www.gsmarena.com/oppo_a91-10000.php|https://fdn2.gsmarena.com/vv/bigpic/oppo-a91.jpg
Oppo|A8|https://www.gsmarena.com/oppo_a8-10002.php|https://fdn2.gsmarena.com/vv/bigpic/oppo-a8-.jpg
Oppo|A11|https://www.gsmarena.com/oppo_a11-9901.php|https://fdn2.gsmarena.com/vv/bigpic/oppo-a5-2020.jpg
Oppo|K5|https://www.gsmarena.com/oppo_k5-9907.php|https://fdn2.gsmarena.com/vv/bigpic/oppo-k5.jpg
Oppo|Reno Ace|https://www.gsmarena.com/oppo_reno_ace-9894.php|https://fdn2.gsmarena.com/vv/bigpic/oppo-reno-ace.jpg
Oppo|Reno A|https://www.gsmarena.com/oppo_reno_a-9808.php|https://fdn2.gsmarena.com/vv/bigpic/oppo-reno-a.jpg
Oppo|A5 (2020)|https://www.gsmarena.com/oppo_a5_(2020)-9883.php|https://fdn2.gsmarena.com/vv/bigpic/oppo-a5-2020.jpg
Oppo|A9 (2020)|https://www.gsmarena.com/oppo_a9_(2020)-9819.php|https://fdn2.gsmarena.com/vv/bigpic/oppo-a9-2020-.jpg
Oppo|Reno2|https://www.gsmarena.com/oppo_reno2-9798.php|https://fdn2.gsmarena.com/vv/bigpic/oppo-reno2.jpg
Oppo|Reno2 F|https://www.gsmarena.com/oppo_reno2_f-9810.php|https://fdn2.gsmarena.com/vv/bigpic/oppo-reno-2f.jpg
Oppo|Reno2 Z|https://www.gsmarena.com/oppo_reno2_z-9809.php|https://fdn2.gsmarena.com/vv/bigpic/oppo-reno2z-2f.jpg
Oppo|Reno Z|https://www.gsmarena.com/oppo_reno_z-9702.php|https://fdn2.gsmarena.com/vv/bigpic/oppo-reno-z.jpg
Oppo|K3|https://www.gsmarena.com/oppo_k3-9699.php|https://fdn2.gsmarena.com/vv/bigpic/oppo-k3.jpg
Oppo|A9x|https://www.gsmarena.com/oppo_a9x-9706.php|https://fdn2.gsmarena.com/vv/bigpic/oppo-a9.jpg
Oppo|A9|https://www.gsmarena.com/oppo_a9-9677.php|https://fdn2.gsmarena.com/vv/bigpic/oppo-a9.jpg
Oppo|Reno 5G|https://www.gsmarena.com/oppo_reno_5g-9676.php|https://fdn2.gsmarena.com/vv/bigpic/oppo-reno-10x-zoom.jpg
Oppo|Reno 10x zoom|https://www.gsmarena.com/oppo_reno_10x_zoom-9654.php|https://fdn2.gsmarena.com/vv/bigpic/oppo-reno-10x-zoom.jpg
Oppo|Reno|https://www.gsmarena.com/oppo_reno-9631.php|https://fdn2.gsmarena.com/vv/bigpic/oppo-reno1.jpg
Oppo|A1k|https://www.gsmarena.com/oppo_a1k-9673.php|https://fdn2.gsmarena.com/vv/bigpic/oppo-a1k.jpg
Oppo|A7n|https://www.gsmarena.com/oppo_a7n-9653.php|https://fdn2.gsmarena.com/vv/bigpic/oppo-a7n.jpg
Oppo|A5s (AX5s)|https://www.gsmarena.com/oppo_a5s_(ax5s)-9626.php|https://fdn2.gsmarena.com/vv/bigpic/oppo-a5s-r.jpg
Oppo|F11|https://www.gsmarena.com/oppo_f11-9617.php|https://fdn2.gsmarena.com/vv/bigpic/oppo-f11-.jpg
Oppo|F11 Pro|https://www.gsmarena.com/oppo_f11_pro-9566.php|https://fdn2.gsmarena.com/vv/bigpic/oppo-f11-pro-.jpg
Realme|X3|https://www.gsmarena.com/realme_x3-10198.php|https://fdn2.gsmarena.com/vv/bigpic/realme-x3.jpg
Realme|C3i|https://www.gsmarena.com/realme_c3i-10310.php|https://fdn2.gsmarena.com/vv/bigpic/realme-c3-2020.jpg
Realme|Narzo|https://www.gsmarena.com/realme_narzo-10309.php|https://fdn2.gsmarena.com/vv/bigpic/realme-narzo-indonesia.jpg
Realme|X3 SuperZoom|https://www.gsmarena.com/realme_x3_superzoom-10250.php|https://fdn2.gsmarena.com/vv/bigpic/realme-x3-superzoom.jpg
Realme|6S|https://www.gsmarena.com/realme_6s-10268.php|https://fdn2.gsmarena.com/vv/bigpic/realme-6s.jpg
Realme|X50 Pro Player|https://www.gsmarena.com/realme_x50_pro_player-10248.php|https://fdn2.gsmarena.com/vv/bigpic/realme-x50-pro-player-edition.jpg
Realme|Watch|https://www.gsmarena.com/realme_watch-10262.php|https://fdn2.gsmarena.com/vv/bigpic/realme-watch.jpg
Realme|Narzo 10|https://www.gsmarena.com/realme_narzo_10-10145.php|https://fdn2.gsmarena.com/vv/bigpic/realme-narzo-10.jpg
Realme|Narzo 10A|https://www.gsmarena.com/realme_narzo_10a-10234.php|https://fdn2.gsmarena.com/vv/bigpic/realme-narzo-10a.jpg
Realme|X50m 5G|https://www.gsmarena.com/realme_x50m_5g-10197.php|https://fdn2.gsmarena.com/vv/bigpic/realme-x50m-5g.jpg
Realme|6i|https://www.gsmarena.com/realme_6i-10130.php|https://fdn2.gsmarena.com/vv/bigpic/realme-6i.jpg
Realme|6 Pro|https://www.gsmarena.com/realme_6_pro-10114.php|https://fdn2.gsmarena.com/vv/bigpic/realme-6-pro.jpg
Realme|6|https://www.gsmarena.com/realme_6-10113.php|https://fdn2.gsmarena.com/vv/bigpic/realme-6.jpg
Realme|X50 Pro 5G|https://www.gsmarena.com/realme_x50_pro_5g-10097.php|https://fdn2.gsmarena.com/vv/bigpic/realme-x50-pro-5g-.jpg
Realme|C3 (3 cameras)|https://www.gsmarena.com/realme_c3_(3_cameras)-10089.php|https://fdn2.gsmarena.com/vv/bigpic/reame-c3-3cameras.jpg
Realme|C3|https://www.gsmarena.com/realme_c3-10056.php|https://fdn2.gsmarena.com/vv/bigpic/realme-c3-2020.jpg
Realme|X50 5G|https://www.gsmarena.com/realme_x50_5g-9990.php|https://fdn2.gsmarena.com/vv/bigpic/realme-x50-5g-.jpg
Realme|5i|https://www.gsmarena.com/realme_5i-10010.php|https://fdn2.gsmarena.com/vv/bigpic/realme-5i.jpg
Realme|5s|https://www.gsmarena.com/realme_5s-9969.php|https://fdn2.gsmarena.com/vv/bigpic/realme-5s.jpg
Realme|C2s|https://www.gsmarena.com/realme_c2s-10015.php|https://fdn2.gsmarena.com/vv/bigpic/realme-c2s.jpg
Realme|C2 2020|https://www.gsmarena.com/realme_c2_2020-9957.php|https://fdn2.gsmarena.com/vv/bigpic/realme-c2.jpg
Realme|X2 Pro|https://www.gsmarena.com/realme_x2_pro-9904.php|https://fdn2.gsmarena.com/vv/bigpic/realme-x2-pro.jpg
Realme|X2|https://www.gsmarena.com/realme_x2-9879.php|https://fdn2.gsmarena.com/vv/bigpic/realme-xt-730g.jpg
Realme|XT 730G|https://www.gsmarena.com/realme_xt_730g-9863.php|https://fdn2.gsmarena.com/vv/bigpic/realme-xt-730g.jpg
Realme|XT|https://www.gsmarena.com/realme_xt-9813.php|https://fdn2.gsmarena.com/vv/bigpic/realme-xt.jpg
Realme|Q|https://www.gsmarena.com/realme_q-9838.php|https://fdn2.gsmarena.com/vv/bigpic/realme-5-pro-rmx1971.jpg
Realme|5 Pro|https://www.gsmarena.com/realme_5_pro-9801.php|https://fdn2.gsmarena.com/vv/bigpic/realme-5-pro-rmx1971.jpg
Realme|5|https://www.gsmarena.com/realme_5-9802.php|https://fdn2.gsmarena.com/vv/bigpic/realme-5.jpg
Realme|3i|https://www.gsmarena.com/realme_3i-9768.php|https://fdn2.gsmarena.com/vv/bigpic/realme-3i.jpg
Realme|X|https://www.gsmarena.com/realme_x-9700.php|https://fdn2.gsmarena.com/vv/bigpic/realme-x.jpg
Realme|3 Pro|https://www.gsmarena.com/realme_3_pro-9669.php|https://fdn2.gsmarena.com/vv/bigpic/realme-3pro.jpg
Realme|C2|https://www.gsmarena.com/realme_c2-9670.php|https://fdn2.gsmarena.com/vv/bigpic/realme-c2.jpg
Realme|3|https://www.gsmarena.com/realme_3-9558.php|https://fdn2.gsmarena.com/vv/bigpic/realme-3.jpg
Realme|C1 (2019)|https://www.gsmarena.com/realme_c1_(2019)-9539.php|https://fdn2.gsmarena.com/vv/bigpic/oppo-realme-c1.jpg
Samsung|Galaxy M01|https://www.gsmarena.com/samsung_galaxy_m01-10216.php|https://fdn2.gsmarena.com/vv/bigpic/samsung-galaxy-m01.jpg
Samsung|Galaxy A21s|https://www.gsmarena.com/samsung_galaxy_a21s-10239.php|https://fdn2.gsmarena.com/vv/bigpic/samsung-galaxy-a21s-.jpg
Samsung|Galaxy J2 Core (2020)|https://www.gsmarena.com/samsung_galaxy_j2_core_(2020)-10208.php|https://fdn2.gsmarena.com/vv/bigpic/samsung-galaxy-j2-core-2020.jpg
Samsung|Galaxy A Quantum|https://www.gsmarena.com/samsung_galaxy_a_quantum-10243.php|https://fdn2.gsmarena.com/vv/bigpic/samsung-galaxy-a71-5g.jpg
Samsung|Galaxy A71 5G|https://www.gsmarena.com/samsung_galaxy_a71_5g-10146.php|https://fdn2.gsmarena.com/vv/bigpic/samsung-galaxy-a71-5g.jpg
Samsung|Galaxy A51 5G|https://www.gsmarena.com/samsung_galaxy_a51_5g-10157.php|https://fdn2.gsmarena.com/vv/bigpic/samsung-galaxy-a51-5g.jpg
Samsung|Galaxy A21|https://www.gsmarena.com/samsung_galaxy_a21-10172.php|https://fdn2.gsmarena.com/vv/bigpic/samsung-galaxy-a21-r.jpg
Samsung|Galaxy M11|https://www.gsmarena.com/samsung_galaxy_m11-10124.php|https://fdn2.gsmarena.com/vv/bigpic/samsung-galaxy-m11-sm-m115.jpg
Samsung|Galaxy Tab S6 Lite|https://www.gsmarena.com/samsung_galaxy_tab_s6_lite-10158.php|https://fdn2.gsmarena.com/vv/bigpic/galaxy-tab-s6-lite.jpg
Samsung|Galaxy A31|https://www.gsmarena.com/samsung_galaxy_a31-10149.php|https://fdn2.gsmarena.com/vv/bigpic/samsung-galaxy-a31.jpg
Samsung|Galaxy A41|https://www.gsmarena.com/samsung_galaxy_a41-10138.php|https://fdn2.gsmarena.com/vv/bigpic/samsung-galaxy-a41.jpg
Samsung|Galaxy M21|https://www.gsmarena.com/samsung_galaxy_m21-10111.php|https://fdn2.gsmarena.com/vv/bigpic/samsung-galaxy-m21.jpg
Samsung|Galaxy A11|https://www.gsmarena.com/samsung_galaxy_a11-10132.php|https://fdn2.gsmarena.com/vv/bigpic/samsung-galaxy-a11.jpg
Samsung|Galaxy M31|https://www.gsmarena.com/samsung_galaxy_m31-10079.php|https://fdn2.gsmarena.com/vv/bigpic/samsung-galaxy-m31-sm-m315f.jpg
Samsung|Galaxy S20 Ultra 5G|https://www.gsmarena.com/samsung_galaxy_s20_ultra_5g-10040.php|https://fdn2.gsmarena.com/vv/bigpic/samsung-galaxy-s20-ultra-.jpg
Samsung|Galaxy S20 Ultra|https://www.gsmarena.com/samsung_galaxy_s20_ultra-10084.php|https://fdn2.gsmarena.com/vv/bigpic/samsung-galaxy-s20-ultra-.jpg
Samsung|Galaxy S20+ 5G|https://www.gsmarena.com/samsung_galaxy_s20+_5g-10041.php|https://fdn2.gsmarena.com/vv/bigpic/samsung-galaxy-s20-plus.jpg
Samsung|Galaxy S20+|https://www.gsmarena.com/samsung_galaxy_s20+-10080.php|https://fdn2.gsmarena.com/vv/bigpic/samsung-galaxy-s20-plus.jpg
Samsung|Galaxy S20 5G UW|https://www.gsmarena.com/samsung_galaxy_s20_5g_uw-10254.php|https://fdn2.gsmarena.com/vv/bigpic/samsung-galaxy-s20-.jpg
Samsung|Galaxy S20 5G|https://www.gsmarena.com/samsung_galaxy_s20_5g-10044.php|https://fdn2.gsmarena.com/vv/bigpic/samsung-galaxy-s20-.jpg
Samsung|Galaxy S20|https://www.gsmarena.com/samsung_galaxy_s20-10081.php|https://fdn2.gsmarena.com/vv/bigpic/samsung-galaxy-s20-.jpg
Samsung|Galaxy Z Flip|https://www.gsmarena.com/samsung_galaxy_z_flip-10054.php|https://fdn2.gsmarena.com/vv/bigpic/samsung-galaxy-z-flip-01.jpg
Samsung|Galaxy Tab S6 5G|https://www.gsmarena.com/samsung_galaxy_tab_s6_5g-10004.php|https://fdn2.gsmarena.com/vv/bigpic/samsung-galaxy-tab-s6-5g-sm-t866n.jpg
Samsung|Galaxy Xcover Pro|https://www.gsmarena.com/samsung_galaxy_xcover_pro-10001.php|https://fdn2.gsmarena.com/vv/bigpic/samsung-galaxy-xcover-pro-.jpg
Samsung|Galaxy Note10 Lite|https://www.gsmarena.com/samsung_galaxy_note10_lite-10003.php|https://fdn2.gsmarena.com/vv/bigpic/sasmung-galaxy-note10-lite-r.jpg
Samsung|Galaxy S10 Lite|https://www.gsmarena.com/samsung_galaxy_s10_lite-9917.php|https://fdn2.gsmarena.com/vv/bigpic/sasmung-galaxy-s10-lite-.jpg
Samsung|Galaxy A01|https://www.gsmarena.com/samsung_galaxy_a01-9999.php|https://fdn2.gsmarena.com/vv/bigpic/samsung-galaxy-a01.jpg
Samsung|Galaxy A71|https://www.gsmarena.com/samsung_galaxy_a71-9995.php|https://fdn2.gsmarena.com/vv/bigpic/samsung-galaxy-a71.jpg
Samsung|Galaxy A51|https://www.gsmarena.com/samsung_galaxy_a51-9963.php|https://fdn2.gsmarena.com/vv/bigpic/samsung-galaxy-a51-sm-a515.jpg
Samsung|Galaxy Xcover FieldPro|https://www.gsmarena.com/samsung_galaxy_xcover_fieldpro-9937.php|https://fdn2.gsmarena.com/vv/bigpic/samsung-galaxy-xcover-fieldpro-sm-g889f.jpg
Samsung|Galaxy A70s|https://www.gsmarena.com/samsung_galaxy_a70s-9899.php|https://fdn2.gsmarena.com/vv/bigpic/samsung-galaxy-a70s-.jpg
Samsung|Galaxy A20s|https://www.gsmarena.com/samsung_galaxy_a20s-9852.php|https://fdn2.gsmarena.com/vv/bigpic/samsung-galaxy-a20s-sm-a207.jpg
Samsung|Galaxy M30s|https://www.gsmarena.com/samsung_galaxy_m30s-9818.php|https://fdn2.gsmarena.com/vv/bigpic/samsung-galaxy-m30s-.jpg
Samsung|Galaxy M10s|https://www.gsmarena.com/samsung_galaxy_m10s-9861.php|https://fdn2.gsmarena.com/vv/bigpic/samsung-galaxy-m10s-m107f.jpg
Samsung|Galaxy Fold 5G|https://www.gsmarena.com/samsung_galaxy_fold_5g-9851.php|https://fdn2.gsmarena.com/vv/bigpic/samsung-galaxy-fold-5g.jpg
Samsung|Galaxy Fold|https://www.gsmarena.com/samsung_galaxy_fold-9523.php|https://fdn2.gsmarena.com/vv/bigpic/samsung-galaxy-fold.jpg
Samsung|Galaxy Tab Active Pro|https://www.gsmarena.com/samsung_galaxy_tab_active_pro-9850.php|https://fdn2.gsmarena.com/vv/bigpic/samsung-galaxy-tab-active-pro-sm-t547.jpg
Samsung|Galaxy A90 5G|https://www.gsmarena.com/samsung_galaxy_a90_5g-9795.php|https://fdn2.gsmarena.com/vv/bigpic/samsung-galaxy-a90-5g.jpg
Samsung|Galaxy A30s|https://www.gsmarena.com/samsung_galaxy_a30s-9796.php|https://fdn2.gsmarena.com/vv/bigpic/samsung-galaxy-a30s.jpg
Samsung|Galaxy A50s|https://www.gsmarena.com/samsung_galaxy_a50s-9806.php|https://fdn2.gsmarena.com/vv/bigpic/samsung-galaxy-a50s.jpg
Samsung|Galaxy Note10+ 5G|https://www.gsmarena.com/samsung_galaxy_note10+_5g-9787.php|https://fdn2.gsmarena.com/vv/bigpic/samsung-galaxy-note10-plus-.jpg
Samsung|Galaxy Note10+|https://www.gsmarena.com/samsung_galaxy_note10+-9732.php|https://fdn2.gsmarena.com/vv/bigpic/samsung-galaxy-note10-plus-.jpg
Samsung|Galaxy Note10 5G|https://www.gsmarena.com/samsung_galaxy_note10_5g-9789.php|https://fdn2.gsmarena.com/vv/bigpic/samsung-galaxy-note10-.jpg
Samsung|Galaxy Note10|https://www.gsmarena.com/samsung_galaxy_note10-9788.php|https://fdn2.gsmarena.com/vv/bigpic/samsung-galaxy-note10-.jpg
Samsung|Galaxy Watch Active2|https://www.gsmarena.com/samsung_galaxy_watch_active2-9784.php|https://fdn2.gsmarena.com/vv/bigpic/samsung-galaxy-watch-active2-stainless-steel.jpg
Samsung|Galaxy Watch Active2 Aluminum|https://www.gsmarena.com/samsung_galaxy_watch_active2_aluminum-9786.php|https://fdn2.gsmarena.com/vv/bigpic/samsung-galaxy-watch-active2-.jpg
Samsung|Galaxy A10s|https://www.gsmarena.com/samsung_galaxy_a10s-9793.php|https://fdn2.gsmarena.com/vv/bigpic/samsung-galaxy-a10s.jpg
Samsung|Galaxy A10e|https://www.gsmarena.com/samsung_galaxy_a10e-9790.php|https://fdn2.gsmarena.com/vv/bigpic/samsung-galaxy-a10e-sm-a102u.jpg
Samsung|Galaxy Tab S6|https://www.gsmarena.com/samsung_galaxy_tab_s6-9781.php|https://fdn2.gsmarena.com/vv/bigpic/samsung-galaxy-tab-s6.jpg
Samsung|Galaxy Tab A 8.0 (2019)|https://www.gsmarena.com/samsung_galaxy_tab_a_8_0_(2019)-9760.php|https://fdn2.gsmarena.com/vv/bigpic/samsung-galaxy-tab-a-80-2019-r.jpg
Samsung|Galaxy Xcover 4s|https://www.gsmarena.com/samsung_galaxy_xcover_4s-9730.php|https://fdn2.gsmarena.com/vv/bigpic/samsung-galaxy-xcover-4s-sm-g398.jpg
Samsung|Galaxy A2 Core|https://www.gsmarena.com/samsung_galaxy_a2_core-9636.php|https://fdn2.gsmarena.com/vv/bigpic/samsung-galaxy-a2-core-sm-a260f.jpg
Samsung|Galaxy Watch Active|https://www.gsmarena.com/samsung_galaxy_watch_active-9589.php|https://fdn2.gsmarena.com/vv/bigpic/samsung-galaxy-watch-active.jpg
Samsung|Galaxy View2|https://www.gsmarena.com/samsung_galaxy_view2-9672.php|https://fdn2.gsmarena.com/vv/bigpic/samsung-galaxy-view2-sm-t927--.jpg
Samsung|Galaxy S10 5G|https://www.gsmarena.com/samsung_galaxy_s10_5g-9588.php|https://fdn2.gsmarena.com/vv/bigpic/samsung-galaxy-s10-5g.jpg
Samsung|Galaxy S10+|https://www.gsmarena.com/samsung_galaxy_s10+-9535.php|https://fdn2.gsmarena.com/vv/bigpic/samsung-galaxy-s10-plus-new.jpg
Samsung|Galaxy S10|https://www.gsmarena.com/samsung_galaxy_s10-9536.php|https://fdn2.gsmarena.com/vv/bigpic/samsung-galaxy-s10.jpg
Samsung|Galaxy S10e|https://www.gsmarena.com/samsung_galaxy_s10e-9537.php|https://fdn2.gsmarena.com/vv/bigpic/samsung-galaxy-s10e.jpg
Samsung|Galaxy M40|https://www.gsmarena.com/samsung_galaxy_m40-9721.php|https://fdn2.gsmarena.com/vv/bigpic/samsung-galaxy-m40-m405f.jpg
Samsung|Galaxy M30|https://www.gsmarena.com/samsung_galaxy_m30-9505.php|https://fdn2.gsmarena.com/vv/bigpic/samsung-galaxy-m30-.jpg
Samsung|Galaxy M20|https://www.gsmarena.com/samsung_galaxy_m20-9506.php|https://fdn2.gsmarena.com/vv/bigpic/samsung-galaxy-m20-m205f.jpg
Samsung|Galaxy M10|https://www.gsmarena.com/samsung_galaxy_m10-9508.php|https://fdn2.gsmarena.com/vv/bigpic/samsung-galaxy-m10-m105f.jpg
Samsung|Galaxy A80|https://www.gsmarena.com/samsung_galaxy_a80-9659.php|https://fdn2.gsmarena.com/vv/bigpic/samsung-galaxy-a80-.jpg
Samsung|Galaxy A70|https://www.gsmarena.com/samsung_galaxy_a70-9646.php|https://fdn2.gsmarena.com/vv/bigpic/samsung-galaxy-a70.jpg
Samsung|Galaxy A60|https://www.gsmarena.com/samsung_galaxy_a60-9616.php|https://fdn2.gsmarena.com/vv/bigpic/samsung-galaxy-a60-.jpg
Samsung|Galaxy A50|https://www.gsmarena.com/samsung_galaxy_a50-9554.php|https://fdn2.gsmarena.com/vv/bigpic/samsung-galaxy-a50-sm-a505f-ds.jpg
Samsung|Galaxy A40|https://www.gsmarena.com/samsung_galaxy_a40-9642.php|https://fdn2.gsmarena.com/vv/bigpic/samsung-galaxy-a40.jpg
Samsung|Galaxy A30|https://www.gsmarena.com/samsung_galaxy_a30-9579.php|https://fdn2.gsmarena.com/vv/bigpic/samsung-galaxy-a30.jpg
Samsung|Galaxy A20e|https://www.gsmarena.com/samsung_galaxy_a20e-9661.php|https://fdn2.gsmarena.com/vv/bigpic/samsung-galaxy-a20e.jpg
Samsung|Galaxy A20|https://www.gsmarena.com/samsung_galaxy_a20-9640.php|https://fdn2.gsmarena.com/vv/bigpic/samsung-galaxy-a20.jpg
Samsung|Galaxy A10|https://www.gsmarena.com/samsung_galaxy_a10-9580.php|https://fdn2.gsmarena.com/vv/bigpic/samsung-galaxy-a10.jpg
Samsung|Galaxy Tab S5e|https://www.gsmarena.com/samsung_galaxy_tab_s5e-9581.php|https://fdn2.gsmarena.com/vv/bigpic/samsung-galaxy-tab-s5e-sm-t725.jpg
Samsung|Galaxy Tab A 10.1 (2019)|https://www.gsmarena.com/samsung_galaxy_tab_a_10_1_(2019)-9582.php|https://fdn2.gsmarena.com/vv/bigpic/samsung-galaxy-tab-a-101-2019.jpg
Samsung|Galaxy Tab A 8.0 & S Pen (2019)|https://www.gsmarena.com/samsung_galaxy_tab_a_8_0_&_s_pen_(2019)-9651.php|https://fdn2.gsmarena.com/vv/bigpic/samsung-galaxy-tab-a-s-pen-sm-p205.jpg
Sony|Xperia 1 II|https://www.gsmarena.com/sony_xperia_1_ii-10096.php|https://fdn2.gsmarena.com/vv/bigpic/sony-xperia-1-II-o.jpg
Sony|Xperia 10 II|https://www.gsmarena.com/sony_xperia_10_ii-10095.php|https://fdn2.gsmarena.com/vv/bigpic/sony-xperia-10-II-o.jpg
Sony|Xperia L4|https://www.gsmarena.com/sony_xperia_l4-10091.php|https://fdn2.gsmarena.com/vv/bigpic/sony-xperia-l4.jpg
Sony|Xperia 5|https://www.gsmarena.com/sony_xperia_5-9840.php|https://fdn2.gsmarena.com/vv/bigpic/sony-xperia-5-.jpg
Sony|Xperia 1|https://www.gsmarena.com/sony_xperia_1-9543.php|https://fdn2.gsmarena.com/vv/bigpic/sony-xperia-1.jpg
Sony|Xperia 10 Plus|https://www.gsmarena.com/sony_xperia_10_plus-9591.php|https://fdn2.gsmarena.com/vv/bigpic/sony-xperia-10-plus-.jpg
Sony|Xperia 10|https://www.gsmarena.com/sony_xperia_10-9353.php|https://fdn2.gsmarena.com/vv/bigpic/sony-xperia-10-.jpg
Sony|Xperia L3|https://www.gsmarena.com/sony_xperia_l3-9592.php|https://fdn2.gsmarena.com/vv/bigpic/sony-xperia-l3.jpg
vivo|V19 Neo|https://www.gsmarena.com/vivo_v19_neo-10295.php|https://fdn2.gsmarena.com/vv/bigpic/vivo-v19.jpg
vivo|Z5x (2020)|https://www.gsmarena.com/vivo_z5x_(2020)-10291.php|https://fdn2.gsmarena.com/vv/bigpic/vivo-z5x-2020.jpg
vivo|X50 Pro+|https://www.gsmarena.com/vivo_x50_pro+-10280.php|https://fdn2.gsmarena.com/vv/bigpic/vivo-x50-pro-plus.jpg
vivo|X50 Pro|https://www.gsmarena.com/vivo_x50_pro-10260.php|https://fdn2.gsmarena.com/vv/bigpic/vivo-x50-pro-.jpg
vivo|X50|https://www.gsmarena.com/vivo_x50-10271.php|https://fdn2.gsmarena.com/vv/bigpic/vivo-x50.jpg
vivo|Y70s|https://www.gsmarena.com/vivo_y70s-10263.php|https://fdn2.gsmarena.com/vv/bigpic/vivo-y70s.jpg
vivo|iQOO Z1|https://www.gsmarena.com/vivo_iqoo_z1-10251.php|https://fdn2.gsmarena.com/vv/bigpic/vivo-iqoo-z1-5g.jpg
vivo|X50 Lite|https://www.gsmarena.com/vivo_x50_lite-10238.php|https://fdn2.gsmarena.com/vv/bigpic/vivo-x50-lite.jpg
vivo|Y30|https://www.gsmarena.com/vivo_y30-10230.php|https://fdn2.gsmarena.com/vv/bigpic/vivo-y30.jpg
vivo|iQOO Neo3 5G|https://www.gsmarena.com/vivo_iqoo_neo3_5g-10201.php|https://fdn2.gsmarena.com/vv/bigpic/vivo-iqoo-neo3.jpg
vivo|Y50|https://www.gsmarena.com/vivo_y50-10174.php|https://fdn2.gsmarena.com/vv/bigpic/vivo-y50.jpg
vivo|V19|https://www.gsmarena.com/vivo_v19-10134.php|https://fdn2.gsmarena.com/vv/bigpic/vivo-v19-dual-selfie.jpg
vivo|S6 5G|https://www.gsmarena.com/vivo_s6_5g-10151.php|https://fdn2.gsmarena.com/vv/bigpic/vivo-s6-5g.jpg
vivo|NEX 3S 5G|https://www.gsmarena.com/vivo_nex_3s_5g-10122.php|https://fdn2.gsmarena.com/vv/bigpic/vivo-nex-3s-5g.jpg
vivo|V19 (Indonesia)|https://www.gsmarena.com/vivo_v19_(indonesia)-10121.php|https://fdn2.gsmarena.com/vv/bigpic/vivo-v19.jpg
vivo|Z6 5G|https://www.gsmarena.com/vivo_z6_5g-10092.php|https://fdn2.gsmarena.com/vv/bigpic/vivo-z6-5g.jpg
vivo|iQOO 3 5G|https://www.gsmarena.com/vivo_iqoo_3_5g-10075.php|https://fdn2.gsmarena.com/vv/bigpic/vivo-iqoo-3-5g.jpg
vivo|X30 Pro|https://www.gsmarena.com/vivo_x30_pro-9943.php|https://fdn2.gsmarena.com/vv/bigpic/vivo-x30-pro.jpg
vivo|X30|https://www.gsmarena.com/vivo_x30-9997.php|https://fdn2.gsmarena.com/vv/bigpic/vivo-x30.jpg
vivo|V17|https://www.gsmarena.com/vivo_v17-9982.php|https://fdn2.gsmarena.com/vv/bigpic/vivo-v17-india.jpg
vivo|iQOO Neo 855 Racing|https://www.gsmarena.com/vivo_iqoo_neo_855_racing-9987.php|https://fdn2.gsmarena.com/vv/bigpic/vivo-iqoo-neo-855-racing.jpg
vivo|Y9s|https://www.gsmarena.com/vivo_y9s-9984.php|https://fdn2.gsmarena.com/vv/bigpic/vivo-y9s.jpg
vivo|Z5i|https://www.gsmarena.com/vivo_z5i-9978.php|https://fdn2.gsmarena.com/vv/bigpic/vivo-z5i.jpg
vivo|V17 (Russia)|https://www.gsmarena.com/vivo_v17_(russia)-9966.php|https://fdn2.gsmarena.com/vv/bigpic/vivo-v17.jpg
vivo|S1 Pro|https://www.gsmarena.com/vivo_s1_pro-9972.php|https://fdn2.gsmarena.com/vv/bigpic/vivo-s1-pro-global.jpg
vivo|S5|https://www.gsmarena.com/vivo_s5-9948.php|https://fdn2.gsmarena.com/vv/bigpic/vivo-s5.jpg
vivo|U20|https://www.gsmarena.com/vivo_u20-9964.php|https://fdn2.gsmarena.com/vv/bigpic/vivo-u20.jpg
vivo|Y3 Standard|https://www.gsmarena.com/vivo_y3_standard-9950.php|https://fdn2.gsmarena.com/vv/bigpic/vivo-y3-standard.jpg
vivo|Y5s|https://www.gsmarena.com/vivo_y5s-9947.php|https://fdn2.gsmarena.com/vv/bigpic/vivo-y5s.jpg
vivo|Y19|https://www.gsmarena.com/vivo_y19-9940.php|https://fdn2.gsmarena.com/vv/bigpic/vivo-y19.jpg
vivo|iQOO Neo 855|https://www.gsmarena.com/vivo_iqoo_neo_855-9934.php|https://fdn2.gsmarena.com/vv/bigpic/vivo-iqoo-neo-855.jpg
vivo|Y11 (2019)|https://www.gsmarena.com/vivo_y11_(2019)-9925.php|https://fdn2.gsmarena.com/vv/bigpic/vivo-y11-2019.jpg
vivo|U3|https://www.gsmarena.com/vivo_u3-9923.php|https://fdn2.gsmarena.com/vv/bigpic/vivo-u3.jpg
vivo|U10|https://www.gsmarena.com/vivo_u10-9890.php|https://fdn2.gsmarena.com/vv/bigpic/vivo-u10-.jpg
vivo|Y3 (4GB+64GB)|https://www.gsmarena.com/vivo_y3_(4gb+64gb)-9951.php|https://fdn2.gsmarena.com/vv/bigpic/vivo-y3-64-4.jpg
vivo|Y3|https://www.gsmarena.com/vivo_y3-9949.php|https://fdn2.gsmarena.com/vv/bigpic/vivo-u10-.jpg
vivo|NEX 3 5G|https://www.gsmarena.com/vivo_nex_3_5g-9817.php|https://fdn2.gsmarena.com/vv/bigpic/vivo-nex3-5g.jpg
vivo|V17 Pro|https://www.gsmarena.com/vivo_v17_pro-9849.php|https://fdn2.gsmarena.com/vv/bigpic/vivo-v17-pro-r.jpg
vivo|NEX 3|https://www.gsmarena.com/vivo_nex_3-9873.php|https://fdn2.gsmarena.com/vv/bigpic/vivo-nex3.jpg
vivo|Z1x|https://www.gsmarena.com/vivo_z1x-9820.php|https://fdn2.gsmarena.com/vv/bigpic/vivo-z1x.jpg
vivo|iQOO Pro 5G|https://www.gsmarena.com/vivo_iqoo_pro_5g-9794.php|https://fdn2.gsmarena.com/vv/bigpic/vivo-iqoo-pro-5g.jpg
vivo|iQOO Pro|https://www.gsmarena.com/vivo_iqoo_pro-9807.php|https://fdn2.gsmarena.com/vv/bigpic/vivo-iqoo-pro.jpg
vivo|Y90|https://www.gsmarena.com/vivo_y90-9785.php|https://fdn2.gsmarena.com/vv/bigpic/vivo-y90.jpg
vivo|V17 Neo|https://www.gsmarena.com/vivo_v17_neo-9783.php|https://fdn2.gsmarena.com/vv/bigpic/vivo-v17-neo.jpg
vivo|Z5|https://www.gsmarena.com/vivo_z5-9782.php|https://fdn2.gsmarena.com/vv/bigpic/vivo-z5.jpg
vivo|S1|https://www.gsmarena.com/vivo_s1-9766.php|https://fdn2.gsmarena.com/vv/bigpic/vivo-s1-v1907.jpg
vivo|Z1Pro|https://www.gsmarena.com/vivo_z1pro-9743.php|https://fdn2.gsmarena.com/vv/bigpic/vivo-z5x.jpg
vivo|iQOO Neo|https://www.gsmarena.com/vivo_iqoo_neo-9750.php|https://fdn2.gsmarena.com/vv/bigpic/vivo-iqoo-neo.jpg
vivo|Z5x|https://www.gsmarena.com/vivo_z5x-9717.php|https://fdn2.gsmarena.com/vv/bigpic/vivo-z5x.jpg
vivo|S1 Pro (China)|https://www.gsmarena.com/vivo_s1_pro_(china)-9696.php|https://fdn2.gsmarena.com/vv/bigpic/vivo-s1-pro.jpg
vivo|Z3x|https://www.gsmarena.com/vivo_z3x-9681.php|https://fdn2.gsmarena.com/vv/bigpic/vivo-z3x.jpg
vivo|Y17|https://www.gsmarena.com/vivo_y17-9666.php|https://fdn2.gsmarena.com/vv/bigpic/vivo-y17.jpg
vivo|Y15|https://www.gsmarena.com/vivo_y15-9719.php|https://fdn2.gsmarena.com/vv/bigpic/vivo-y15-new.jpg
vivo|Y12|https://www.gsmarena.com/vivo_y12-9729.php|https://fdn2.gsmarena.com/vv/bigpic/vivo-y12.jpg
vivo|X27 Pro|https://www.gsmarena.com/vivo_x27_pro-9660.php|https://fdn2.gsmarena.com/vv/bigpic/vivo-x27-pro.jpg
vivo|S1 (China)|https://www.gsmarena.com/vivo_s1_(china)-9649.php|https://fdn2.gsmarena.com/vv/bigpic/vivo-s1.jpg
vivo|X27|https://www.gsmarena.com/vivo_x27-9629.php|https://fdn2.gsmarena.com/vv/bigpic/vivo-x27-.jpg
vivo|V15|https://www.gsmarena.com/vivo_v15-9614.php|https://fdn2.gsmarena.com/vv/bigpic/vivo-v15.jpg
vivo|iQOO|https://www.gsmarena.com/vivo_iqoo-9613.php|https://fdn2.gsmarena.com/vv/bigpic/vivo-iqoo.jpg
vivo|V15 Pro|https://www.gsmarena.com/vivo_v15_pro-9553.php|https://fdn2.gsmarena.com/vv/bigpic/vivo-v15-pro.jpg
vivo|Y89|https://www.gsmarena.com/vivo_y89-9526.php|https://fdn2.gsmarena.com/vv/bigpic/vivo-y89.jpg
Xiaomi|Redmi 9|https://www.gsmarena.com/xiaomi_redmi_9-10233.php|https://fdn2.gsmarena.com/vv/bigpic/xiaomi-redmi-9.jpg
Xiaomi|Redmi 10X Pro 5G|https://www.gsmarena.com/xiaomi_redmi_10x_pro_5g-10267.php|https://fdn2.gsmarena.com/vv/bigpic/xiaomi-redmi-10x-pro-5g.jpg
Xiaomi|Redmi 10X 5G|https://www.gsmarena.com/xiaomi_redmi_10x_5g-10266.php|https://fdn2.gsmarena.com/vv/bigpic/xiaomi-redmi-10x-5g.jpg
Xiaomi|Redmi 10X 4G|https://www.gsmarena.com/xiaomi_redmi_10x_4g-10202.php|https://fdn2.gsmarena.com/vv/bigpic/xiaomi-redmi-10x-4g.jpg
Xiaomi|Redmi K30i 5G|https://www.gsmarena.com/xiaomi_redmi_k30i_5g-10200.php|https://fdn2.gsmarena.com/vv/bigpic/xiaomi-redmi-k30i-5g-.jpg
Xiaomi|Poco F2 Pro|https://www.gsmarena.com/xiaomi_poco_f2_pro-10220.php|https://fdn2.gsmarena.com/vv/bigpic/xiaomi-poco-f2-pro.jpg
Xiaomi|Redmi K30 5G Racing|https://www.gsmarena.com/xiaomi_redmi_k30_5g_racing-10235.php|https://fdn2.gsmarena.com/vv/bigpic/xiaomi-redmi-k30-5g-racing-edition1.jpg
Xiaomi|Redmi Note 9 Pro|https://www.gsmarena.com/xiaomi_redmi_note_9_pro-10217.php|https://fdn2.gsmarena.com/vv/bigpic/xiaomi-redmi-note-9-pro-global-.jpg
Xiaomi|Redmi Note 9|https://www.gsmarena.com/xiaomi_redmi_note_9-10192.php|https://fdn2.gsmarena.com/vv/bigpic/xiaomi-redmi-note-9.jpg
Xiaomi|Mi Note 10 Lite|https://www.gsmarena.com/xiaomi_mi_note_10_lite-10183.php|https://fdn2.gsmarena.com/vv/bigpic/xiaomi-mi-note-10-lite-.jpg
Xiaomi|Mi 10 Youth 5G|https://www.gsmarena.com/xiaomi_mi_10_youth_5g-10207.php|https://fdn2.gsmarena.com/vv/bigpic/xiaomi-mi-10-youth-5g-.jpg
Xiaomi|Mi 10 Lite 5G|https://www.gsmarena.com/xiaomi_mi_10_lite_5g-10159.php|https://fdn2.gsmarena.com/vv/bigpic/xiaomi-mi10-lite-5g.jpg
Xiaomi|Redmi K30 Pro Zoom|https://www.gsmarena.com/xiaomi_redmi_k30_pro_zoom-10150.php|https://fdn2.gsmarena.com/vv/bigpic/xiaomi-redmi-k30-pro-zoom.jpg
Xiaomi|Redmi K30 Pro|https://www.gsmarena.com/xiaomi_redmi_k30_pro-10140.php|https://fdn2.gsmarena.com/vv/bigpic/xiaomi-redmi-k30-pro.jpg
Xiaomi|Redmi Note 9S|https://www.gsmarena.com/xiaomi_redmi_note_9s-10147.php|https://fdn2.gsmarena.com/vv/bigpic/xiaomi-redmi-note-9-pro.jpg
Xiaomi|Redmi Note 9 Pro Max|https://www.gsmarena.com/xiaomi_redmi_note_9_pro_max-10126.php|https://fdn2.gsmarena.com/vv/bigpic/xiaomi-redmi-note-9-pro-max.jpg
Xiaomi|Redmi Note 9 Pro (India)|https://www.gsmarena.com/xiaomi_redmi_note_9_pro_(india)-10120.php|https://fdn2.gsmarena.com/vv/bigpic/xiaomi-redmi-note-9-pro.jpg
Xiaomi|Black Shark 3 Pro|https://www.gsmarena.com/xiaomi_black_shark_3_pro-10109.php|https://fdn2.gsmarena.com/vv/bigpic/xiaomi-black-shark-3-pro.jpg
Xiaomi|Black Shark 3|https://www.gsmarena.com/xiaomi_black_shark_3-10110.php|https://fdn2.gsmarena.com/vv/bigpic/xiaomi-black-shark-3.jpg
Xiaomi|Mi 10 Pro 5G|https://www.gsmarena.com/xiaomi_mi_10_pro_5g-10055.php|https://fdn2.gsmarena.com/vv/bigpic/xiaomi-mi-10-pro-5g.jpg
Xiaomi|Mi 10 5G|https://www.gsmarena.com/xiaomi_mi_10_5g-10082.php|https://fdn2.gsmarena.com/vv/bigpic/xiaomi-mi-10-5g.jpg
Xiaomi|Redmi 8A Pro|https://www.gsmarena.com/xiaomi_redmi_8a_pro-10169.php|https://fdn2.gsmarena.com/vv/bigpic/xiaomi-redmi-8a-dual.jpg
Xiaomi|Redmi 8A Dual|https://www.gsmarena.com/xiaomi_redmi_8a_dual-10078.php|https://fdn2.gsmarena.com/vv/bigpic/xiaomi-redmi-8a-dual.jpg
Xiaomi|Poco X2|https://www.gsmarena.com/xiaomi_poco_x2-10050.php|https://fdn2.gsmarena.com/vv/bigpic/xiaomi-poco-x2.jpg
Xiaomi|Redmi K30|https://www.gsmarena.com/xiaomi_redmi_k30-9991.php|https://fdn2.gsmarena.com/vv/bigpic/xiaomi-redmi-k30.jpg
Xiaomi|Redmi K30 5G|https://www.gsmarena.com/xiaomi_redmi_k30_5g-9979.php|https://fdn2.gsmarena.com/vv/bigpic/xiaomi-redmi-k30-5g.jpg
Xiaomi|Redmi Note 8T|https://www.gsmarena.com/xiaomi_redmi_note_8t-9946.php|https://fdn2.gsmarena.com/vv/bigpic/xiaomi-redmi-note-8t.jpg
Xiaomi|Mi Note 10 Pro|https://www.gsmarena.com/xiaomi_mi_note_10_pro-9945.php|https://fdn2.gsmarena.com/vv/bigpic/xiaomi-mi-note10-.jpg
Xiaomi|Mi Note 10|https://www.gsmarena.com/xiaomi_mi_note_10-9936.php|https://fdn2.gsmarena.com/vv/bigpic/xiaomi-mi-note10-.jpg
Xiaomi|Mi CC9 Pro|https://www.gsmarena.com/xiaomi_mi_cc9_pro-9935.php|https://fdn2.gsmarena.com/vv/bigpic/xiaomi-mi-cc9-pro-.jpg
Xiaomi|Watch Color|https://www.gsmarena.com/xiaomi_watch_color-10014.php|https://fdn2.gsmarena.com/vv/bigpic/xiaomi-watch-color-.jpg
Xiaomi|Mi Watch|https://www.gsmarena.com/xiaomi_mi_watch-9941.php|https://fdn2.gsmarena.com/vv/bigpic/xiaomi-mi-watch-.jpg
Xiaomi|Redmi 8|https://www.gsmarena.com/xiaomi_redmi_8-9800.php|https://fdn2.gsmarena.com/vv/bigpic/xiaomi-redmi-8.jpg
Xiaomi|Redmi 8A|https://www.gsmarena.com/xiaomi_redmi_8a-9897.php|https://fdn2.gsmarena.com/vv/bigpic/xiaomi-redmi-8a.jpg
Xiaomi|Mi Mix Alpha|https://www.gsmarena.com/xiaomi_mi_mix_alpha-9893.php|https://fdn2.gsmarena.com/vv/bigpic/xiaomi-mi-mix-alpha.jpg
Xiaomi|Mi 9 Pro 5G|https://www.gsmarena.com/xiaomi_mi_9_pro_5g-9892.php|https://fdn2.gsmarena.com/vv/bigpic/xiaomi-mi-9-pro-5g.jpg
Xiaomi|Mi 9 Pro|https://www.gsmarena.com/xiaomi_mi_9_pro-9891.php|https://fdn2.gsmarena.com/vv/bigpic/xiaomi-mi-9-pro.jpg
Xiaomi|Redmi K20 Pro Premium|https://www.gsmarena.com/xiaomi_redmi_k20_pro_premium-9884.php|https://fdn2.gsmarena.com/vv/bigpic/xiaomi-redmi-k20pro-.jpg
Xiaomi|Mi 9 Lite|https://www.gsmarena.com/xiaomi_mi_9_lite-9862.php|https://fdn2.gsmarena.com/vv/bigpic/xiaomi-mi-cc9-.jpg
Xiaomi|Redmi Note 8 Pro|https://www.gsmarena.com/xiaomi_redmi_note_8_pro-9812.php|https://fdn2.gsmarena.com/vv/bigpic/xiaomi-redmi-note-8-pro-.jpg
Xiaomi|Black Shark 2 Pro|https://www.gsmarena.com/xiaomi_black_shark_2_pro-9779.php|https://fdn2.gsmarena.com/vv/bigpic/xiaomi-black-shark2-pro-.jpg
Xiaomi|Mi A3|https://www.gsmarena.com/xiaomi_mi_a3-9769.php|https://fdn2.gsmarena.com/vv/bigpic/xiaomi-mi-a3.jpg
Xiaomi|Redmi 7A|https://www.gsmarena.com/xiaomi_redmi_7a-9716.php|https://fdn2.gsmarena.com/vv/bigpic/xiaomi-redmi-7a-mzb8008in.jpg
Xiaomi|Mi CC9e|https://www.gsmarena.com/xiaomi_mi_cc9e-9759.php|https://fdn2.gsmarena.com/vv/bigpic/xiaomi-mi-cc9e-.jpg
Xiaomi|Mi CC9|https://www.gsmarena.com/xiaomi_mi_cc9-9749.php|https://fdn2.gsmarena.com/vv/bigpic/xiaomi-mi-cc9-.jpg
Xiaomi|Redmi Note 8|https://www.gsmarena.com/xiaomi_redmi_note_8-9814.php|https://fdn2.gsmarena.com/vv/bigpic/xiaomi-redmi-note-8-1.jpg
Xiaomi|Mi 9T Pro|https://www.gsmarena.com/xiaomi_mi_9t_pro-9791.php|https://fdn2.gsmarena.com/vv/bigpic/xiaomi-mi-9t.jpg
Xiaomi|Mi 9T|https://www.gsmarena.com/xiaomi_mi_9t-9738.php|https://fdn2.gsmarena.com/vv/bigpic/xiaomi-mi-9t.jpg
Xiaomi|Redmi K20|https://www.gsmarena.com/xiaomi_redmi_k20-9720.php|https://fdn2.gsmarena.com/vv/bigpic/xiaomi-redmi-k20pro-.jpg
Xiaomi|Redmi K20 Pro|https://www.gsmarena.com/xiaomi_redmi_k20_pro-9708.php|https://fdn2.gsmarena.com/vv/bigpic/xiaomi-redmi-k20pro-.jpg
Xiaomi|Redmi Note 7S|https://www.gsmarena.com/xiaomi_redmi_note_7s-9707.php|https://fdn2.gsmarena.com/vv/bigpic/xiaomi-redmi-note-7s.jpg
Xiaomi|Redmi Y3|https://www.gsmarena.com/xiaomi_redmi_y3-9674.php|https://fdn2.gsmarena.com/vv/bigpic/xiaomi-redmi-y3.jpg
Xiaomi|Black Shark 2|https://www.gsmarena.com/xiaomi_black_shark_2-9639.php|https://fdn2.gsmarena.com/vv/bigpic/xiaomi-black-shark-2.jpg
Xiaomi|Redmi 7|https://www.gsmarena.com/xiaomi_redmi_7-9498.php|https://fdn2.gsmarena.com/vv/bigpic/xiaomi-redmi-7.jpg
Xiaomi|Redmi Note 7 Pro|https://www.gsmarena.com/xiaomi_redmi_note_7_pro-9521.php|https://fdn2.gsmarena.com/vv/bigpic/xiaomi-redmi-note-7-pro.jpg
Xiaomi|Mi Mix 3 5G|https://www.gsmarena.com/xiaomi_mi_mix_3_5g-9602.php|https://fdn2.gsmarena.com/vv/bigpic/xiaomi-mi-mix3.jpg
Xiaomi|Mi 9 Explorer|https://www.gsmarena.com/xiaomi_mi_9_explorer-9584.php|https://fdn2.gsmarena.com/vv/bigpic/xiaomi-mi-9-explore.jpg
Xiaomi|Mi 9 SE|https://www.gsmarena.com/xiaomi_mi_9_se-9583.php|https://fdn2.gsmarena.com/vv/bigpic/xiaomi-mi-9-se.jpg
Xiaomi|Mi 9|https://www.gsmarena.com/xiaomi_mi_9-9507.php|https://fdn2.gsmarena.com/vv/bigpic/xiaomi-mi-9-.jpg
Xiaomi|Redmi Go|https://www.gsmarena.com/xiaomi_redmi_go-9534.php|https://fdn2.gsmarena.com/vv/bigpic/xiaomi-redmi-go.jpg
Xiaomi|Redmi Note 7|https://www.gsmarena.com/xiaomi_redmi_note_7-9513.php|https://fdn2.gsmarena.com/vv/bigpic/xiaomi-redmi-note-7.jpg
